"bin","completeness","contamination","keggid","binary","pathway","pathway_in_detail","gene"
"A_heterognathus_BEC338_bin.1",67.51,3.13,"K00192","absent","methanogenesis","methanogenesis_via_CO2","cdhA"
"A_heterognathus_BEC338_bin.1",67.51,3.13,"K00193","absent","methanogenesis","methanogenesis_via_acetate","cdhC"
"A_heterognathus_BEC338_bin.1",67.51,3.13,"K00194","absent","reductive acetogenesis","Acetyl-CoA decarbonylase/synthase delta subunit (corrinoid iron-sulfur protein)","acsD"
"A_heterognathus_BEC338_bin.1",67.51,3.13,"K00194","absent","methanogenesis","methanogenesis_via_acetate","cdhD"
"A_heterognathus_BEC338_bin.1",67.51,3.13,"K00197","absent","reductive acetogenesis","CO-methylating acetyl-CoA synthase corrinoid iron-sulfur protein large subunit precursor","acsC"
"A_heterognathus_BEC338_bin.1",67.51,3.13,"K00197","absent","methanogenesis","methanogenesis_via_acetate","cdhE"
"A_heterognathus_BEC338_bin.1",67.51,3.13,"K00198","absent","reductive acetogenesis","Ni-dependent carbon monoxide dehydrogenase (CODH) catalytic subunit","acsA"
"A_heterognathus_BEC338_bin.1",67.51,3.13,"K00394","absent","sulfate reduction","adenylylsulfate reductase subunit A","AprA"
"A_heterognathus_BEC338_bin.1",67.51,3.13,"K00583","absent","methanogenesis","methanogenesis_via_CO2","mtrG"
"A_heterognathus_BEC338_bin.1",67.51,3.13,"K00925","absent","reductive acetogenesis","Acetate kinase","ack"
"A_heterognathus_BEC338_bin.1",67.51,3.13,"K00925","absent","methanogenesis","methanogenesis_via_acetate","ack"
"A_heterognathus_BEC338_bin.1",67.51,3.13,"K00958","absent","sulfate reduction","sulfate adenylyltransferase","SAT"
"A_heterognathus_BEC338_bin.1",67.51,3.13,"K01938","absent","reductive acetogenesis","Formate-tetrahydrofolate ligase FTHFS","fhs"
"A_heterognathus_BEC338_bin.1",67.51,3.13,"K02111","present","reductive acetogenesis","F-type H+/Na+-transporting ATPase subunit alpha","atpA"
"A_heterognathus_BEC338_bin.1",67.51,3.13,"K03388","absent","methanogenesis","hdr flavoprotein analogs","hdrA2"
"A_heterognathus_BEC338_bin.1",67.51,3.13,"K03612","absent","methanogenesis","rnf  complex","rnfG"
"A_heterognathus_BEC338_bin.1",67.51,3.13,"K03612","absent","reductive acetogenesis","Na+-translocating ferredoxin:NAD+ oxidoreductase subunit G","rnfG"
"A_heterognathus_BEC338_bin.1",67.51,3.13,"K03613","absent","reductive acetogenesis","Na+-translocating ferredoxin:NAD+ oxidoreductase subunit E","rnfE"
"A_heterognathus_BEC338_bin.1",67.51,3.13,"K03613","absent","methanogenesis","rnf  complex","rnfE"
"A_heterognathus_BEC338_bin.1",67.51,3.13,"K03614","present","methanogenesis","rnf  complex","rnfD"
"A_heterognathus_BEC338_bin.1",67.51,3.13,"K03614","present","reductive acetogenesis","Na+-translocating ferredoxin:NAD+ oxidoreductase subunit D","rnfD"
"A_heterognathus_BEC338_bin.1",67.51,3.13,"K03615","absent","methanogenesis","rnf  complex","rnfC"
"A_heterognathus_BEC338_bin.1",67.51,3.13,"K03615","absent","reductive acetogenesis","Na+-translocating ferredoxin:NAD+ oxidoreductase subunit C","rnfC"
"A_heterognathus_BEC338_bin.1",67.51,3.13,"K03617","absent","reductive acetogenesis","Na+-translocating ferredoxin:NAD+ oxidoreductase subunit A","rnfA"
"A_heterognathus_BEC338_bin.1",67.51,3.13,"K03617","absent","methanogenesis","rnf  complex","rnfA"
"A_heterognathus_BEC338_bin.1",67.51,3.13,"K11181","absent","sulfate reduction","dissimilatory sulfite reductase beta subunit","DsrB"
"A_heterognathus_BEC338_bin.1",67.51,3.13,"K11261","absent","methanogenesis","methanogenesis_via_CO2","fmdE"
"A_heterognathus_BEC338_bin.1",67.51,3.13,"K13788","present","methanogenesis","methanogenesis_via_acetate","pta"
"A_heterognathus_BEC338_bin.1",67.51,3.13,"K14080","absent","methanogenesis","methanogenesis_via_Methanol","mtaA"
"A_heterognathus_BEC338_bin.1",67.51,3.13,"K14081","absent","methanogenesis","methanogenesis_via_Methanol","mtaC"
"A_heterognathus_BEC338_bin.1",67.51,3.13,"K14086","absent","methanogenesis","hydrogenases associated with methanogenesis","echA"
"A_heterognathus_BEC338_bin.1",67.51,3.13,"K14091","absent","methanogenesis","hydrogenases associated with methanogenesis","echF"
"A_heterognathus_BEC338_bin.1",67.51,3.13,"K16177","absent","methanogenesis","methanogenesis_via_Monomethylamine/Dimethylamine/Trimethylamine","mtmC"
"A_heterognathus_BEC338_bin.1",67.51,3.13,"K16178","absent","methanogenesis","methanogenesis_via_Monomethylamine/Dimethylamine/Trimethylamine","mtbB"
"A_heterognathus_BEC338_bin.1",67.51,3.13,"K16179","absent","methanogenesis","methanogenesis_via_Monomethylamine/Dimethylamine/Trimethylamine","mtbC"
"A_heterognathus_BEC338_bin.1",67.51,3.13,"K17992","absent","reductive acetogenesis","NADP-reducing hydrogenase subunit HndB","hndB"
"A_heterognathus_BEC338_bin.1",67.51,3.13,"K18331","absent","reductive acetogenesis","NADP-reducing hydrogenase subunit HndC","hndC"
"A_heterognathus_BEC338_bin.1",67.51,3.13,"K18332","absent","reductive acetogenesis","NADP-reducing hydrogenase subunit HndD","hndD"
"A_heterognathus_BEC338_bin.1",67.51,3.13,"K22480","absent","methanogenesis","hdr flavoprotein analogs","hdrA1"
"A_obeuntis_BEC335_bin.1",77.88,6.53,"K00192","absent","methanogenesis","methanogenesis_via_CO2","cdhA"
"A_obeuntis_BEC335_bin.1",77.88,6.53,"K00193","absent","methanogenesis","methanogenesis_via_acetate","cdhC"
"A_obeuntis_BEC335_bin.1",77.88,6.53,"K00194","absent","reductive acetogenesis","Acetyl-CoA decarbonylase/synthase delta subunit (corrinoid iron-sulfur protein)","acsD"
"A_obeuntis_BEC335_bin.1",77.88,6.53,"K00194","absent","methanogenesis","methanogenesis_via_acetate","cdhD"
"A_obeuntis_BEC335_bin.1",77.88,6.53,"K00197","absent","reductive acetogenesis","CO-methylating acetyl-CoA synthase corrinoid iron-sulfur protein large subunit precursor","acsC"
"A_obeuntis_BEC335_bin.1",77.88,6.53,"K00197","absent","methanogenesis","methanogenesis_via_acetate","cdhE"
"A_obeuntis_BEC335_bin.1",77.88,6.53,"K00198","absent","reductive acetogenesis","Ni-dependent carbon monoxide dehydrogenase (CODH) catalytic subunit","acsA"
"A_obeuntis_BEC335_bin.1",77.88,6.53,"K00394","absent","sulfate reduction","adenylylsulfate reductase subunit A","AprA"
"A_obeuntis_BEC335_bin.1",77.88,6.53,"K00583","present","methanogenesis","methanogenesis_via_CO2","mtrG"
"A_obeuntis_BEC335_bin.1",77.88,6.53,"K00925","present","reductive acetogenesis","Acetate kinase","ack"
"A_obeuntis_BEC335_bin.1",77.88,6.53,"K00925","present","methanogenesis","methanogenesis_via_acetate","ack"
"A_obeuntis_BEC335_bin.1",77.88,6.53,"K00958","absent","sulfate reduction","sulfate adenylyltransferase","SAT"
"A_obeuntis_BEC335_bin.1",77.88,6.53,"K01938","present","reductive acetogenesis","Formate-tetrahydrofolate ligase FTHFS","fhs"
"A_obeuntis_BEC335_bin.1",77.88,6.53,"K02111","present","reductive acetogenesis","F-type H+/Na+-transporting ATPase subunit alpha","atpA"
"A_obeuntis_BEC335_bin.1",77.88,6.53,"K03388","absent","methanogenesis","hdr flavoprotein analogs","hdrA2"
"A_obeuntis_BEC335_bin.1",77.88,6.53,"K03612","present","methanogenesis","rnf  complex","rnfG"
"A_obeuntis_BEC335_bin.1",77.88,6.53,"K03612","present","reductive acetogenesis","Na+-translocating ferredoxin:NAD+ oxidoreductase subunit G","rnfG"
"A_obeuntis_BEC335_bin.1",77.88,6.53,"K03613","present","reductive acetogenesis","Na+-translocating ferredoxin:NAD+ oxidoreductase subunit E","rnfE"
"A_obeuntis_BEC335_bin.1",77.88,6.53,"K03613","present","methanogenesis","rnf  complex","rnfE"
"A_obeuntis_BEC335_bin.1",77.88,6.53,"K03614","absent","methanogenesis","rnf  complex","rnfD"
"A_obeuntis_BEC335_bin.1",77.88,6.53,"K03614","absent","reductive acetogenesis","Na+-translocating ferredoxin:NAD+ oxidoreductase subunit D","rnfD"
"A_obeuntis_BEC335_bin.1",77.88,6.53,"K03615","absent","methanogenesis","rnf  complex","rnfC"
"A_obeuntis_BEC335_bin.1",77.88,6.53,"K03615","absent","reductive acetogenesis","Na+-translocating ferredoxin:NAD+ oxidoreductase subunit C","rnfC"
"A_obeuntis_BEC335_bin.1",77.88,6.53,"K03617","present","reductive acetogenesis","Na+-translocating ferredoxin:NAD+ oxidoreductase subunit A","rnfA"
"A_obeuntis_BEC335_bin.1",77.88,6.53,"K03617","present","methanogenesis","rnf  complex","rnfA"
"A_obeuntis_BEC335_bin.1",77.88,6.53,"K11181","absent","sulfate reduction","dissimilatory sulfite reductase beta subunit","DsrB"
"A_obeuntis_BEC335_bin.1",77.88,6.53,"K11261","absent","methanogenesis","methanogenesis_via_CO2","fmdE"
"A_obeuntis_BEC335_bin.1",77.88,6.53,"K13788","absent","methanogenesis","methanogenesis_via_acetate","pta"
"A_obeuntis_BEC335_bin.1",77.88,6.53,"K14080","present","methanogenesis","methanogenesis_via_Methanol","mtaA"
"A_obeuntis_BEC335_bin.1",77.88,6.53,"K14081","absent","methanogenesis","methanogenesis_via_Methanol","mtaC"
"A_obeuntis_BEC335_bin.1",77.88,6.53,"K14086","absent","methanogenesis","hydrogenases associated with methanogenesis","echA"
"A_obeuntis_BEC335_bin.1",77.88,6.53,"K14091","absent","methanogenesis","hydrogenases associated with methanogenesis","echF"
"A_obeuntis_BEC335_bin.1",77.88,6.53,"K16177","absent","methanogenesis","methanogenesis_via_Monomethylamine/Dimethylamine/Trimethylamine","mtmC"
"A_obeuntis_BEC335_bin.1",77.88,6.53,"K16178","absent","methanogenesis","methanogenesis_via_Monomethylamine/Dimethylamine/Trimethylamine","mtbB"
"A_obeuntis_BEC335_bin.1",77.88,6.53,"K16179","absent","methanogenesis","methanogenesis_via_Monomethylamine/Dimethylamine/Trimethylamine","mtbC"
"A_obeuntis_BEC335_bin.1",77.88,6.53,"K17992","present","reductive acetogenesis","NADP-reducing hydrogenase subunit HndB","hndB"
"A_obeuntis_BEC335_bin.1",77.88,6.53,"K18331","absent","reductive acetogenesis","NADP-reducing hydrogenase subunit HndC","hndC"
"A_obeuntis_BEC335_bin.1",77.88,6.53,"K18332","present","reductive acetogenesis","NADP-reducing hydrogenase subunit HndD","hndD"
"A_obeuntis_BEC335_bin.1",77.88,6.53,"K22480","absent","methanogenesis","hdr flavoprotein analogs","hdrA1"
"A_obeuntis_BEC335_bin.2",70.55,1.13,"K00192","absent","methanogenesis","methanogenesis_via_CO2","cdhA"
"A_obeuntis_BEC335_bin.2",70.55,1.13,"K00193","absent","methanogenesis","methanogenesis_via_acetate","cdhC"
"A_obeuntis_BEC335_bin.2",70.55,1.13,"K00194","absent","reductive acetogenesis","Acetyl-CoA decarbonylase/synthase delta subunit (corrinoid iron-sulfur protein)","acsD"
"A_obeuntis_BEC335_bin.2",70.55,1.13,"K00194","absent","methanogenesis","methanogenesis_via_acetate","cdhD"
"A_obeuntis_BEC335_bin.2",70.55,1.13,"K00197","absent","reductive acetogenesis","CO-methylating acetyl-CoA synthase corrinoid iron-sulfur protein large subunit precursor","acsC"
"A_obeuntis_BEC335_bin.2",70.55,1.13,"K00197","absent","methanogenesis","methanogenesis_via_acetate","cdhE"
"A_obeuntis_BEC335_bin.2",70.55,1.13,"K00198","absent","reductive acetogenesis","Ni-dependent carbon monoxide dehydrogenase (CODH) catalytic subunit","acsA"
"A_obeuntis_BEC335_bin.2",70.55,1.13,"K00394","absent","sulfate reduction","adenylylsulfate reductase subunit A","AprA"
"A_obeuntis_BEC335_bin.2",70.55,1.13,"K00583","absent","methanogenesis","methanogenesis_via_CO2","mtrG"
"A_obeuntis_BEC335_bin.2",70.55,1.13,"K00925","present","reductive acetogenesis","Acetate kinase","ack"
"A_obeuntis_BEC335_bin.2",70.55,1.13,"K00925","present","methanogenesis","methanogenesis_via_acetate","ack"
"A_obeuntis_BEC335_bin.2",70.55,1.13,"K00958","absent","sulfate reduction","sulfate adenylyltransferase","SAT"
"A_obeuntis_BEC335_bin.2",70.55,1.13,"K01938","absent","reductive acetogenesis","Formate-tetrahydrofolate ligase FTHFS","fhs"
"A_obeuntis_BEC335_bin.2",70.55,1.13,"K02111","present","reductive acetogenesis","F-type H+/Na+-transporting ATPase subunit alpha","atpA"
"A_obeuntis_BEC335_bin.2",70.55,1.13,"K03388","absent","methanogenesis","hdr flavoprotein analogs","hdrA2"
"A_obeuntis_BEC335_bin.2",70.55,1.13,"K03612","absent","methanogenesis","rnf  complex","rnfG"
"A_obeuntis_BEC335_bin.2",70.55,1.13,"K03612","absent","reductive acetogenesis","Na+-translocating ferredoxin:NAD+ oxidoreductase subunit G","rnfG"
"A_obeuntis_BEC335_bin.2",70.55,1.13,"K03613","present","reductive acetogenesis","Na+-translocating ferredoxin:NAD+ oxidoreductase subunit E","rnfE"
"A_obeuntis_BEC335_bin.2",70.55,1.13,"K03613","present","methanogenesis","rnf  complex","rnfE"
"A_obeuntis_BEC335_bin.2",70.55,1.13,"K03614","present","methanogenesis","rnf  complex","rnfD"
"A_obeuntis_BEC335_bin.2",70.55,1.13,"K03614","present","reductive acetogenesis","Na+-translocating ferredoxin:NAD+ oxidoreductase subunit D","rnfD"
"A_obeuntis_BEC335_bin.2",70.55,1.13,"K03615","present","methanogenesis","rnf  complex","rnfC"
"A_obeuntis_BEC335_bin.2",70.55,1.13,"K03615","present","reductive acetogenesis","Na+-translocating ferredoxin:NAD+ oxidoreductase subunit C","rnfC"
"A_obeuntis_BEC335_bin.2",70.55,1.13,"K03617","present","reductive acetogenesis","Na+-translocating ferredoxin:NAD+ oxidoreductase subunit A","rnfA"
"A_obeuntis_BEC335_bin.2",70.55,1.13,"K03617","present","methanogenesis","rnf  complex","rnfA"
"A_obeuntis_BEC335_bin.2",70.55,1.13,"K11181","absent","sulfate reduction","dissimilatory sulfite reductase beta subunit","DsrB"
"A_obeuntis_BEC335_bin.2",70.55,1.13,"K11261","absent","methanogenesis","methanogenesis_via_CO2","fmdE"
"A_obeuntis_BEC335_bin.2",70.55,1.13,"K13788","present","methanogenesis","methanogenesis_via_acetate","pta"
"A_obeuntis_BEC335_bin.2",70.55,1.13,"K14080","absent","methanogenesis","methanogenesis_via_Methanol","mtaA"
"A_obeuntis_BEC335_bin.2",70.55,1.13,"K14081","absent","methanogenesis","methanogenesis_via_Methanol","mtaC"
"A_obeuntis_BEC335_bin.2",70.55,1.13,"K14086","absent","methanogenesis","hydrogenases associated with methanogenesis","echA"
"A_obeuntis_BEC335_bin.2",70.55,1.13,"K14091","absent","methanogenesis","hydrogenases associated with methanogenesis","echF"
"A_obeuntis_BEC335_bin.2",70.55,1.13,"K16177","absent","methanogenesis","methanogenesis_via_Monomethylamine/Dimethylamine/Trimethylamine","mtmC"
"A_obeuntis_BEC335_bin.2",70.55,1.13,"K16178","absent","methanogenesis","methanogenesis_via_Monomethylamine/Dimethylamine/Trimethylamine","mtbB"
"A_obeuntis_BEC335_bin.2",70.55,1.13,"K16179","absent","methanogenesis","methanogenesis_via_Monomethylamine/Dimethylamine/Trimethylamine","mtbC"
"A_obeuntis_BEC335_bin.2",70.55,1.13,"K17992","absent","reductive acetogenesis","NADP-reducing hydrogenase subunit HndB","hndB"
"A_obeuntis_BEC335_bin.2",70.55,1.13,"K18331","absent","reductive acetogenesis","NADP-reducing hydrogenase subunit HndC","hndC"
"A_obeuntis_BEC335_bin.2",70.55,1.13,"K18332","absent","reductive acetogenesis","NADP-reducing hydrogenase subunit HndD","hndD"
"A_obeuntis_BEC335_bin.2",70.55,1.13,"K22480","present","methanogenesis","hdr flavoprotein analogs","hdrA1"
"A_obeuntis_BEC335_bin.3",30.81,6.21,"K00192","absent","methanogenesis","methanogenesis_via_CO2","cdhA"
"A_obeuntis_BEC335_bin.3",30.81,6.21,"K00193","absent","methanogenesis","methanogenesis_via_acetate","cdhC"
"A_obeuntis_BEC335_bin.3",30.81,6.21,"K00194","absent","reductive acetogenesis","Acetyl-CoA decarbonylase/synthase delta subunit (corrinoid iron-sulfur protein)","acsD"
"A_obeuntis_BEC335_bin.3",30.81,6.21,"K00194","absent","methanogenesis","methanogenesis_via_acetate","cdhD"
"A_obeuntis_BEC335_bin.3",30.81,6.21,"K00197","absent","reductive acetogenesis","CO-methylating acetyl-CoA synthase corrinoid iron-sulfur protein large subunit precursor","acsC"
"A_obeuntis_BEC335_bin.3",30.81,6.21,"K00197","absent","methanogenesis","methanogenesis_via_acetate","cdhE"
"A_obeuntis_BEC335_bin.3",30.81,6.21,"K00198","absent","reductive acetogenesis","Ni-dependent carbon monoxide dehydrogenase (CODH) catalytic subunit","acsA"
"A_obeuntis_BEC335_bin.3",30.81,6.21,"K00394","absent","sulfate reduction","adenylylsulfate reductase subunit A","AprA"
"A_obeuntis_BEC335_bin.3",30.81,6.21,"K00583","absent","methanogenesis","methanogenesis_via_CO2","mtrG"
"A_obeuntis_BEC335_bin.3",30.81,6.21,"K00925","absent","reductive acetogenesis","Acetate kinase","ack"
"A_obeuntis_BEC335_bin.3",30.81,6.21,"K00925","absent","methanogenesis","methanogenesis_via_acetate","ack"
"A_obeuntis_BEC335_bin.3",30.81,6.21,"K00958","absent","sulfate reduction","sulfate adenylyltransferase","SAT"
"A_obeuntis_BEC335_bin.3",30.81,6.21,"K01938","absent","reductive acetogenesis","Formate-tetrahydrofolate ligase FTHFS","fhs"
"A_obeuntis_BEC335_bin.3",30.81,6.21,"K02111","absent","reductive acetogenesis","F-type H+/Na+-transporting ATPase subunit alpha","atpA"
"A_obeuntis_BEC335_bin.3",30.81,6.21,"K03388","absent","methanogenesis","hdr flavoprotein analogs","hdrA2"
"A_obeuntis_BEC335_bin.3",30.81,6.21,"K03612","absent","methanogenesis","rnf  complex","rnfG"
"A_obeuntis_BEC335_bin.3",30.81,6.21,"K03612","absent","reductive acetogenesis","Na+-translocating ferredoxin:NAD+ oxidoreductase subunit G","rnfG"
"A_obeuntis_BEC335_bin.3",30.81,6.21,"K03613","absent","reductive acetogenesis","Na+-translocating ferredoxin:NAD+ oxidoreductase subunit E","rnfE"
"A_obeuntis_BEC335_bin.3",30.81,6.21,"K03613","absent","methanogenesis","rnf  complex","rnfE"
"A_obeuntis_BEC335_bin.3",30.81,6.21,"K03614","absent","methanogenesis","rnf  complex","rnfD"
"A_obeuntis_BEC335_bin.3",30.81,6.21,"K03614","absent","reductive acetogenesis","Na+-translocating ferredoxin:NAD+ oxidoreductase subunit D","rnfD"
"A_obeuntis_BEC335_bin.3",30.81,6.21,"K03615","absent","methanogenesis","rnf  complex","rnfC"
"A_obeuntis_BEC335_bin.3",30.81,6.21,"K03615","absent","reductive acetogenesis","Na+-translocating ferredoxin:NAD+ oxidoreductase subunit C","rnfC"
"A_obeuntis_BEC335_bin.3",30.81,6.21,"K03617","absent","reductive acetogenesis","Na+-translocating ferredoxin:NAD+ oxidoreductase subunit A","rnfA"
"A_obeuntis_BEC335_bin.3",30.81,6.21,"K03617","absent","methanogenesis","rnf  complex","rnfA"
"A_obeuntis_BEC335_bin.3",30.81,6.21,"K11181","absent","sulfate reduction","dissimilatory sulfite reductase beta subunit","DsrB"
"A_obeuntis_BEC335_bin.3",30.81,6.21,"K11261","absent","methanogenesis","methanogenesis_via_CO2","fmdE"
"A_obeuntis_BEC335_bin.3",30.81,6.21,"K13788","absent","methanogenesis","methanogenesis_via_acetate","pta"
"A_obeuntis_BEC335_bin.3",30.81,6.21,"K14080","absent","methanogenesis","methanogenesis_via_Methanol","mtaA"
"A_obeuntis_BEC335_bin.3",30.81,6.21,"K14081","absent","methanogenesis","methanogenesis_via_Methanol","mtaC"
"A_obeuntis_BEC335_bin.3",30.81,6.21,"K14086","absent","methanogenesis","hydrogenases associated with methanogenesis","echA"
"A_obeuntis_BEC335_bin.3",30.81,6.21,"K14091","absent","methanogenesis","hydrogenases associated with methanogenesis","echF"
"A_obeuntis_BEC335_bin.3",30.81,6.21,"K16177","absent","methanogenesis","methanogenesis_via_Monomethylamine/Dimethylamine/Trimethylamine","mtmC"
"A_obeuntis_BEC335_bin.3",30.81,6.21,"K16178","absent","methanogenesis","methanogenesis_via_Monomethylamine/Dimethylamine/Trimethylamine","mtbB"
"A_obeuntis_BEC335_bin.3",30.81,6.21,"K16179","absent","methanogenesis","methanogenesis_via_Monomethylamine/Dimethylamine/Trimethylamine","mtbC"
"A_obeuntis_BEC335_bin.3",30.81,6.21,"K17992","absent","reductive acetogenesis","NADP-reducing hydrogenase subunit HndB","hndB"
"A_obeuntis_BEC335_bin.3",30.81,6.21,"K18331","absent","reductive acetogenesis","NADP-reducing hydrogenase subunit HndC","hndC"
"A_obeuntis_BEC335_bin.3",30.81,6.21,"K18332","present","reductive acetogenesis","NADP-reducing hydrogenase subunit HndD","hndD"
"A_obeuntis_BEC335_bin.3",30.81,6.21,"K22480","absent","methanogenesis","hdr flavoprotein analogs","hdrA1"
"A_obeuntis_BEC337_bin.1",46.71,3.23,"K00192","absent","methanogenesis","methanogenesis_via_CO2","cdhA"
"A_obeuntis_BEC337_bin.1",46.71,3.23,"K00193","absent","methanogenesis","methanogenesis_via_acetate","cdhC"
"A_obeuntis_BEC337_bin.1",46.71,3.23,"K00194","absent","reductive acetogenesis","Acetyl-CoA decarbonylase/synthase delta subunit (corrinoid iron-sulfur protein)","acsD"
"A_obeuntis_BEC337_bin.1",46.71,3.23,"K00194","absent","methanogenesis","methanogenesis_via_acetate","cdhD"
"A_obeuntis_BEC337_bin.1",46.71,3.23,"K00197","absent","reductive acetogenesis","CO-methylating acetyl-CoA synthase corrinoid iron-sulfur protein large subunit precursor","acsC"
"A_obeuntis_BEC337_bin.1",46.71,3.23,"K00197","absent","methanogenesis","methanogenesis_via_acetate","cdhE"
"A_obeuntis_BEC337_bin.1",46.71,3.23,"K00198","absent","reductive acetogenesis","Ni-dependent carbon monoxide dehydrogenase (CODH) catalytic subunit","acsA"
"A_obeuntis_BEC337_bin.1",46.71,3.23,"K00394","absent","sulfate reduction","adenylylsulfate reductase subunit A","AprA"
"A_obeuntis_BEC337_bin.1",46.71,3.23,"K00583","absent","methanogenesis","methanogenesis_via_CO2","mtrG"
"A_obeuntis_BEC337_bin.1",46.71,3.23,"K00925","absent","reductive acetogenesis","Acetate kinase","ack"
"A_obeuntis_BEC337_bin.1",46.71,3.23,"K00925","absent","methanogenesis","methanogenesis_via_acetate","ack"
"A_obeuntis_BEC337_bin.1",46.71,3.23,"K00958","present","sulfate reduction","sulfate adenylyltransferase","SAT"
"A_obeuntis_BEC337_bin.1",46.71,3.23,"K01938","present","reductive acetogenesis","Formate-tetrahydrofolate ligase FTHFS","fhs"
"A_obeuntis_BEC337_bin.1",46.71,3.23,"K02111","present","reductive acetogenesis","F-type H+/Na+-transporting ATPase subunit alpha","atpA"
"A_obeuntis_BEC337_bin.1",46.71,3.23,"K03388","absent","methanogenesis","hdr flavoprotein analogs","hdrA2"
"A_obeuntis_BEC337_bin.1",46.71,3.23,"K03612","present","methanogenesis","rnf  complex","rnfG"
"A_obeuntis_BEC337_bin.1",46.71,3.23,"K03612","present","reductive acetogenesis","Na+-translocating ferredoxin:NAD+ oxidoreductase subunit G","rnfG"
"A_obeuntis_BEC337_bin.1",46.71,3.23,"K03613","present","reductive acetogenesis","Na+-translocating ferredoxin:NAD+ oxidoreductase subunit E","rnfE"
"A_obeuntis_BEC337_bin.1",46.71,3.23,"K03613","present","methanogenesis","rnf  complex","rnfE"
"A_obeuntis_BEC337_bin.1",46.71,3.23,"K03614","present","methanogenesis","rnf  complex","rnfD"
"A_obeuntis_BEC337_bin.1",46.71,3.23,"K03614","present","reductive acetogenesis","Na+-translocating ferredoxin:NAD+ oxidoreductase subunit D","rnfD"
"A_obeuntis_BEC337_bin.1",46.71,3.23,"K03615","absent","methanogenesis","rnf  complex","rnfC"
"A_obeuntis_BEC337_bin.1",46.71,3.23,"K03615","absent","reductive acetogenesis","Na+-translocating ferredoxin:NAD+ oxidoreductase subunit C","rnfC"
"A_obeuntis_BEC337_bin.1",46.71,3.23,"K03617","present","reductive acetogenesis","Na+-translocating ferredoxin:NAD+ oxidoreductase subunit A","rnfA"
"A_obeuntis_BEC337_bin.1",46.71,3.23,"K03617","present","methanogenesis","rnf  complex","rnfA"
"A_obeuntis_BEC337_bin.1",46.71,3.23,"K11181","absent","sulfate reduction","dissimilatory sulfite reductase beta subunit","DsrB"
"A_obeuntis_BEC337_bin.1",46.71,3.23,"K11261","absent","methanogenesis","methanogenesis_via_CO2","fmdE"
"A_obeuntis_BEC337_bin.1",46.71,3.23,"K13788","absent","methanogenesis","methanogenesis_via_acetate","pta"
"A_obeuntis_BEC337_bin.1",46.71,3.23,"K14080","absent","methanogenesis","methanogenesis_via_Methanol","mtaA"
"A_obeuntis_BEC337_bin.1",46.71,3.23,"K14081","absent","methanogenesis","methanogenesis_via_Methanol","mtaC"
"A_obeuntis_BEC337_bin.1",46.71,3.23,"K14086","absent","methanogenesis","hydrogenases associated with methanogenesis","echA"
"A_obeuntis_BEC337_bin.1",46.71,3.23,"K14091","absent","methanogenesis","hydrogenases associated with methanogenesis","echF"
"A_obeuntis_BEC337_bin.1",46.71,3.23,"K16177","absent","methanogenesis","methanogenesis_via_Monomethylamine/Dimethylamine/Trimethylamine","mtmC"
"A_obeuntis_BEC337_bin.1",46.71,3.23,"K16178","absent","methanogenesis","methanogenesis_via_Monomethylamine/Dimethylamine/Trimethylamine","mtbB"
"A_obeuntis_BEC337_bin.1",46.71,3.23,"K16179","absent","methanogenesis","methanogenesis_via_Monomethylamine/Dimethylamine/Trimethylamine","mtbC"
"A_obeuntis_BEC337_bin.1",46.71,3.23,"K17992","absent","reductive acetogenesis","NADP-reducing hydrogenase subunit HndB","hndB"
"A_obeuntis_BEC337_bin.1",46.71,3.23,"K18331","absent","reductive acetogenesis","NADP-reducing hydrogenase subunit HndC","hndC"
"A_obeuntis_BEC337_bin.1",46.71,3.23,"K18332","absent","reductive acetogenesis","NADP-reducing hydrogenase subunit HndD","hndD"
"A_obeuntis_BEC337_bin.1",46.71,3.23,"K22480","absent","methanogenesis","hdr flavoprotein analogs","hdrA1"
"A_obeuntis_BEC337_bin.2",46.1,2.33,"K00192","absent","methanogenesis","methanogenesis_via_CO2","cdhA"
"A_obeuntis_BEC337_bin.2",46.1,2.33,"K00193","absent","methanogenesis","methanogenesis_via_acetate","cdhC"
"A_obeuntis_BEC337_bin.2",46.1,2.33,"K00194","absent","reductive acetogenesis","Acetyl-CoA decarbonylase/synthase delta subunit (corrinoid iron-sulfur protein)","acsD"
"A_obeuntis_BEC337_bin.2",46.1,2.33,"K00194","absent","methanogenesis","methanogenesis_via_acetate","cdhD"
"A_obeuntis_BEC337_bin.2",46.1,2.33,"K00197","absent","reductive acetogenesis","CO-methylating acetyl-CoA synthase corrinoid iron-sulfur protein large subunit precursor","acsC"
"A_obeuntis_BEC337_bin.2",46.1,2.33,"K00197","absent","methanogenesis","methanogenesis_via_acetate","cdhE"
"A_obeuntis_BEC337_bin.2",46.1,2.33,"K00198","absent","reductive acetogenesis","Ni-dependent carbon monoxide dehydrogenase (CODH) catalytic subunit","acsA"
"A_obeuntis_BEC337_bin.2",46.1,2.33,"K00394","absent","sulfate reduction","adenylylsulfate reductase subunit A","AprA"
"A_obeuntis_BEC337_bin.2",46.1,2.33,"K00583","absent","methanogenesis","methanogenesis_via_CO2","mtrG"
"A_obeuntis_BEC337_bin.2",46.1,2.33,"K00925","present","reductive acetogenesis","Acetate kinase","ack"
"A_obeuntis_BEC337_bin.2",46.1,2.33,"K00925","present","methanogenesis","methanogenesis_via_acetate","ack"
"A_obeuntis_BEC337_bin.2",46.1,2.33,"K00958","absent","sulfate reduction","sulfate adenylyltransferase","SAT"
"A_obeuntis_BEC337_bin.2",46.1,2.33,"K01938","absent","reductive acetogenesis","Formate-tetrahydrofolate ligase FTHFS","fhs"
"A_obeuntis_BEC337_bin.2",46.1,2.33,"K02111","absent","reductive acetogenesis","F-type H+/Na+-transporting ATPase subunit alpha","atpA"
"A_obeuntis_BEC337_bin.2",46.1,2.33,"K03388","absent","methanogenesis","hdr flavoprotein analogs","hdrA2"
"A_obeuntis_BEC337_bin.2",46.1,2.33,"K03612","absent","methanogenesis","rnf  complex","rnfG"
"A_obeuntis_BEC337_bin.2",46.1,2.33,"K03612","absent","reductive acetogenesis","Na+-translocating ferredoxin:NAD+ oxidoreductase subunit G","rnfG"
"A_obeuntis_BEC337_bin.2",46.1,2.33,"K03613","present","reductive acetogenesis","Na+-translocating ferredoxin:NAD+ oxidoreductase subunit E","rnfE"
"A_obeuntis_BEC337_bin.2",46.1,2.33,"K03613","present","methanogenesis","rnf  complex","rnfE"
"A_obeuntis_BEC337_bin.2",46.1,2.33,"K03614","present","methanogenesis","rnf  complex","rnfD"
"A_obeuntis_BEC337_bin.2",46.1,2.33,"K03614","present","reductive acetogenesis","Na+-translocating ferredoxin:NAD+ oxidoreductase subunit D","rnfD"
"A_obeuntis_BEC337_bin.2",46.1,2.33,"K03615","absent","methanogenesis","rnf  complex","rnfC"
"A_obeuntis_BEC337_bin.2",46.1,2.33,"K03615","absent","reductive acetogenesis","Na+-translocating ferredoxin:NAD+ oxidoreductase subunit C","rnfC"
"A_obeuntis_BEC337_bin.2",46.1,2.33,"K03617","absent","reductive acetogenesis","Na+-translocating ferredoxin:NAD+ oxidoreductase subunit A","rnfA"
"A_obeuntis_BEC337_bin.2",46.1,2.33,"K03617","absent","methanogenesis","rnf  complex","rnfA"
"A_obeuntis_BEC337_bin.2",46.1,2.33,"K11181","absent","sulfate reduction","dissimilatory sulfite reductase beta subunit","DsrB"
"A_obeuntis_BEC337_bin.2",46.1,2.33,"K11261","absent","methanogenesis","methanogenesis_via_CO2","fmdE"
"A_obeuntis_BEC337_bin.2",46.1,2.33,"K13788","present","methanogenesis","methanogenesis_via_acetate","pta"
"A_obeuntis_BEC337_bin.2",46.1,2.33,"K14080","absent","methanogenesis","methanogenesis_via_Methanol","mtaA"
"A_obeuntis_BEC337_bin.2",46.1,2.33,"K14081","absent","methanogenesis","methanogenesis_via_Methanol","mtaC"
"A_obeuntis_BEC337_bin.2",46.1,2.33,"K14086","absent","methanogenesis","hydrogenases associated with methanogenesis","echA"
"A_obeuntis_BEC337_bin.2",46.1,2.33,"K14091","absent","methanogenesis","hydrogenases associated with methanogenesis","echF"
"A_obeuntis_BEC337_bin.2",46.1,2.33,"K16177","absent","methanogenesis","methanogenesis_via_Monomethylamine/Dimethylamine/Trimethylamine","mtmC"
"A_obeuntis_BEC337_bin.2",46.1,2.33,"K16178","absent","methanogenesis","methanogenesis_via_Monomethylamine/Dimethylamine/Trimethylamine","mtbB"
"A_obeuntis_BEC337_bin.2",46.1,2.33,"K16179","absent","methanogenesis","methanogenesis_via_Monomethylamine/Dimethylamine/Trimethylamine","mtbC"
"A_obeuntis_BEC337_bin.2",46.1,2.33,"K17992","absent","reductive acetogenesis","NADP-reducing hydrogenase subunit HndB","hndB"
"A_obeuntis_BEC337_bin.2",46.1,2.33,"K18331","present","reductive acetogenesis","NADP-reducing hydrogenase subunit HndC","hndC"
"A_obeuntis_BEC337_bin.2",46.1,2.33,"K18332","present","reductive acetogenesis","NADP-reducing hydrogenase subunit HndD","hndD"
"A_obeuntis_BEC337_bin.2",46.1,2.33,"K22480","absent","methanogenesis","hdr flavoprotein analogs","hdrA1"
"Amitermes_sp_BEC323_bin.3",48.85,2.25,"K00192","absent","methanogenesis","methanogenesis_via_CO2","cdhA"
"Amitermes_sp_BEC323_bin.3",48.85,2.25,"K00193","absent","methanogenesis","methanogenesis_via_acetate","cdhC"
"Amitermes_sp_BEC323_bin.3",48.85,2.25,"K00194","absent","reductive acetogenesis","Acetyl-CoA decarbonylase/synthase delta subunit (corrinoid iron-sulfur protein)","acsD"
"Amitermes_sp_BEC323_bin.3",48.85,2.25,"K00194","absent","methanogenesis","methanogenesis_via_acetate","cdhD"
"Amitermes_sp_BEC323_bin.3",48.85,2.25,"K00197","absent","reductive acetogenesis","CO-methylating acetyl-CoA synthase corrinoid iron-sulfur protein large subunit precursor","acsC"
"Amitermes_sp_BEC323_bin.3",48.85,2.25,"K00197","absent","methanogenesis","methanogenesis_via_acetate","cdhE"
"Amitermes_sp_BEC323_bin.3",48.85,2.25,"K00198","absent","reductive acetogenesis","Ni-dependent carbon monoxide dehydrogenase (CODH) catalytic subunit","acsA"
"Amitermes_sp_BEC323_bin.3",48.85,2.25,"K00394","absent","sulfate reduction","adenylylsulfate reductase subunit A","AprA"
"Amitermes_sp_BEC323_bin.3",48.85,2.25,"K00583","absent","methanogenesis","methanogenesis_via_CO2","mtrG"
"Amitermes_sp_BEC323_bin.3",48.85,2.25,"K00925","absent","reductive acetogenesis","Acetate kinase","ack"
"Amitermes_sp_BEC323_bin.3",48.85,2.25,"K00925","absent","methanogenesis","methanogenesis_via_acetate","ack"
"Amitermes_sp_BEC323_bin.3",48.85,2.25,"K00958","absent","sulfate reduction","sulfate adenylyltransferase","SAT"
"Amitermes_sp_BEC323_bin.3",48.85,2.25,"K01938","absent","reductive acetogenesis","Formate-tetrahydrofolate ligase FTHFS","fhs"
"Amitermes_sp_BEC323_bin.3",48.85,2.25,"K02111","present","reductive acetogenesis","F-type H+/Na+-transporting ATPase subunit alpha","atpA"
"Amitermes_sp_BEC323_bin.3",48.85,2.25,"K03388","absent","methanogenesis","hdr flavoprotein analogs","hdrA2"
"Amitermes_sp_BEC323_bin.3",48.85,2.25,"K03612","absent","methanogenesis","rnf  complex","rnfG"
"Amitermes_sp_BEC323_bin.3",48.85,2.25,"K03612","absent","reductive acetogenesis","Na+-translocating ferredoxin:NAD+ oxidoreductase subunit G","rnfG"
"Amitermes_sp_BEC323_bin.3",48.85,2.25,"K03613","absent","reductive acetogenesis","Na+-translocating ferredoxin:NAD+ oxidoreductase subunit E","rnfE"
"Amitermes_sp_BEC323_bin.3",48.85,2.25,"K03613","absent","methanogenesis","rnf  complex","rnfE"
"Amitermes_sp_BEC323_bin.3",48.85,2.25,"K03614","absent","methanogenesis","rnf  complex","rnfD"
"Amitermes_sp_BEC323_bin.3",48.85,2.25,"K03614","absent","reductive acetogenesis","Na+-translocating ferredoxin:NAD+ oxidoreductase subunit D","rnfD"
"Amitermes_sp_BEC323_bin.3",48.85,2.25,"K03615","absent","methanogenesis","rnf  complex","rnfC"
"Amitermes_sp_BEC323_bin.3",48.85,2.25,"K03615","absent","reductive acetogenesis","Na+-translocating ferredoxin:NAD+ oxidoreductase subunit C","rnfC"
"Amitermes_sp_BEC323_bin.3",48.85,2.25,"K03617","absent","reductive acetogenesis","Na+-translocating ferredoxin:NAD+ oxidoreductase subunit A","rnfA"
"Amitermes_sp_BEC323_bin.3",48.85,2.25,"K03617","absent","methanogenesis","rnf  complex","rnfA"
"Amitermes_sp_BEC323_bin.3",48.85,2.25,"K11181","absent","sulfate reduction","dissimilatory sulfite reductase beta subunit","DsrB"
"Amitermes_sp_BEC323_bin.3",48.85,2.25,"K11261","absent","methanogenesis","methanogenesis_via_CO2","fmdE"
"Amitermes_sp_BEC323_bin.3",48.85,2.25,"K13788","absent","methanogenesis","methanogenesis_via_acetate","pta"
"Amitermes_sp_BEC323_bin.3",48.85,2.25,"K14080","absent","methanogenesis","methanogenesis_via_Methanol","mtaA"
"Amitermes_sp_BEC323_bin.3",48.85,2.25,"K14081","absent","methanogenesis","methanogenesis_via_Methanol","mtaC"
"Amitermes_sp_BEC323_bin.3",48.85,2.25,"K14086","absent","methanogenesis","hydrogenases associated with methanogenesis","echA"
"Amitermes_sp_BEC323_bin.3",48.85,2.25,"K14091","absent","methanogenesis","hydrogenases associated with methanogenesis","echF"
"Amitermes_sp_BEC323_bin.3",48.85,2.25,"K16177","absent","methanogenesis","methanogenesis_via_Monomethylamine/Dimethylamine/Trimethylamine","mtmC"
"Amitermes_sp_BEC323_bin.3",48.85,2.25,"K16178","absent","methanogenesis","methanogenesis_via_Monomethylamine/Dimethylamine/Trimethylamine","mtbB"
"Amitermes_sp_BEC323_bin.3",48.85,2.25,"K16179","absent","methanogenesis","methanogenesis_via_Monomethylamine/Dimethylamine/Trimethylamine","mtbC"
"Amitermes_sp_BEC323_bin.3",48.85,2.25,"K17992","absent","reductive acetogenesis","NADP-reducing hydrogenase subunit HndB","hndB"
"Amitermes_sp_BEC323_bin.3",48.85,2.25,"K18331","absent","reductive acetogenesis","NADP-reducing hydrogenase subunit HndC","hndC"
"Amitermes_sp_BEC323_bin.3",48.85,2.25,"K18332","present","reductive acetogenesis","NADP-reducing hydrogenase subunit HndD","hndD"
"Amitermes_sp_BEC323_bin.3",48.85,2.25,"K22480","absent","methanogenesis","hdr flavoprotein analogs","hdrA1"
"Amitermes_sp_BEC323_bin.5",45.06,0.25,"K00192","absent","methanogenesis","methanogenesis_via_CO2","cdhA"
"Amitermes_sp_BEC323_bin.5",45.06,0.25,"K00193","absent","methanogenesis","methanogenesis_via_acetate","cdhC"
"Amitermes_sp_BEC323_bin.5",45.06,0.25,"K00194","present","reductive acetogenesis","Acetyl-CoA decarbonylase/synthase delta subunit (corrinoid iron-sulfur protein)","acsD"
"Amitermes_sp_BEC323_bin.5",45.06,0.25,"K00194","present","methanogenesis","methanogenesis_via_acetate","cdhD"
"Amitermes_sp_BEC323_bin.5",45.06,0.25,"K00197","absent","reductive acetogenesis","CO-methylating acetyl-CoA synthase corrinoid iron-sulfur protein large subunit precursor","acsC"
"Amitermes_sp_BEC323_bin.5",45.06,0.25,"K00197","absent","methanogenesis","methanogenesis_via_acetate","cdhE"
"Amitermes_sp_BEC323_bin.5",45.06,0.25,"K00198","absent","reductive acetogenesis","Ni-dependent carbon monoxide dehydrogenase (CODH) catalytic subunit","acsA"
"Amitermes_sp_BEC323_bin.5",45.06,0.25,"K00394","absent","sulfate reduction","adenylylsulfate reductase subunit A","AprA"
"Amitermes_sp_BEC323_bin.5",45.06,0.25,"K00583","absent","methanogenesis","methanogenesis_via_CO2","mtrG"
"Amitermes_sp_BEC323_bin.5",45.06,0.25,"K00925","absent","reductive acetogenesis","Acetate kinase","ack"
"Amitermes_sp_BEC323_bin.5",45.06,0.25,"K00925","absent","methanogenesis","methanogenesis_via_acetate","ack"
"Amitermes_sp_BEC323_bin.5",45.06,0.25,"K00958","absent","sulfate reduction","sulfate adenylyltransferase","SAT"
"Amitermes_sp_BEC323_bin.5",45.06,0.25,"K01938","present","reductive acetogenesis","Formate-tetrahydrofolate ligase FTHFS","fhs"
"Amitermes_sp_BEC323_bin.5",45.06,0.25,"K02111","present","reductive acetogenesis","F-type H+/Na+-transporting ATPase subunit alpha","atpA"
"Amitermes_sp_BEC323_bin.5",45.06,0.25,"K03388","absent","methanogenesis","hdr flavoprotein analogs","hdrA2"
"Amitermes_sp_BEC323_bin.5",45.06,0.25,"K03612","present","methanogenesis","rnf  complex","rnfG"
"Amitermes_sp_BEC323_bin.5",45.06,0.25,"K03612","present","reductive acetogenesis","Na+-translocating ferredoxin:NAD+ oxidoreductase subunit G","rnfG"
"Amitermes_sp_BEC323_bin.5",45.06,0.25,"K03613","present","reductive acetogenesis","Na+-translocating ferredoxin:NAD+ oxidoreductase subunit E","rnfE"
"Amitermes_sp_BEC323_bin.5",45.06,0.25,"K03613","present","methanogenesis","rnf  complex","rnfE"
"Amitermes_sp_BEC323_bin.5",45.06,0.25,"K03614","absent","methanogenesis","rnf  complex","rnfD"
"Amitermes_sp_BEC323_bin.5",45.06,0.25,"K03614","absent","reductive acetogenesis","Na+-translocating ferredoxin:NAD+ oxidoreductase subunit D","rnfD"
"Amitermes_sp_BEC323_bin.5",45.06,0.25,"K03615","absent","methanogenesis","rnf  complex","rnfC"
"Amitermes_sp_BEC323_bin.5",45.06,0.25,"K03615","absent","reductive acetogenesis","Na+-translocating ferredoxin:NAD+ oxidoreductase subunit C","rnfC"
"Amitermes_sp_BEC323_bin.5",45.06,0.25,"K03617","present","reductive acetogenesis","Na+-translocating ferredoxin:NAD+ oxidoreductase subunit A","rnfA"
"Amitermes_sp_BEC323_bin.5",45.06,0.25,"K03617","present","methanogenesis","rnf  complex","rnfA"
"Amitermes_sp_BEC323_bin.5",45.06,0.25,"K11181","absent","sulfate reduction","dissimilatory sulfite reductase beta subunit","DsrB"
"Amitermes_sp_BEC323_bin.5",45.06,0.25,"K11261","absent","methanogenesis","methanogenesis_via_CO2","fmdE"
"Amitermes_sp_BEC323_bin.5",45.06,0.25,"K13788","absent","methanogenesis","methanogenesis_via_acetate","pta"
"Amitermes_sp_BEC323_bin.5",45.06,0.25,"K14080","absent","methanogenesis","methanogenesis_via_Methanol","mtaA"
"Amitermes_sp_BEC323_bin.5",45.06,0.25,"K14081","absent","methanogenesis","methanogenesis_via_Methanol","mtaC"
"Amitermes_sp_BEC323_bin.5",45.06,0.25,"K14086","absent","methanogenesis","hydrogenases associated with methanogenesis","echA"
"Amitermes_sp_BEC323_bin.5",45.06,0.25,"K14091","absent","methanogenesis","hydrogenases associated with methanogenesis","echF"
"Amitermes_sp_BEC323_bin.5",45.06,0.25,"K16177","absent","methanogenesis","methanogenesis_via_Monomethylamine/Dimethylamine/Trimethylamine","mtmC"
"Amitermes_sp_BEC323_bin.5",45.06,0.25,"K16178","absent","methanogenesis","methanogenesis_via_Monomethylamine/Dimethylamine/Trimethylamine","mtbB"
"Amitermes_sp_BEC323_bin.5",45.06,0.25,"K16179","absent","methanogenesis","methanogenesis_via_Monomethylamine/Dimethylamine/Trimethylamine","mtbC"
"Amitermes_sp_BEC323_bin.5",45.06,0.25,"K17992","absent","reductive acetogenesis","NADP-reducing hydrogenase subunit HndB","hndB"
"Amitermes_sp_BEC323_bin.5",45.06,0.25,"K18331","absent","reductive acetogenesis","NADP-reducing hydrogenase subunit HndC","hndC"
"Amitermes_sp_BEC323_bin.5",45.06,0.25,"K18332","present","reductive acetogenesis","NADP-reducing hydrogenase subunit HndD","hndD"
"Amitermes_sp_BEC323_bin.5",45.06,0.25,"K22480","absent","methanogenesis","hdr flavoprotein analogs","hdrA1"
"Amitermes_sp_BEC323_bin.6",93.47,2.75,"K00192","absent","methanogenesis","methanogenesis_via_CO2","cdhA"
"Amitermes_sp_BEC323_bin.6",93.47,2.75,"K00193","absent","methanogenesis","methanogenesis_via_acetate","cdhC"
"Amitermes_sp_BEC323_bin.6",93.47,2.75,"K00194","absent","reductive acetogenesis","Acetyl-CoA decarbonylase/synthase delta subunit (corrinoid iron-sulfur protein)","acsD"
"Amitermes_sp_BEC323_bin.6",93.47,2.75,"K00194","absent","methanogenesis","methanogenesis_via_acetate","cdhD"
"Amitermes_sp_BEC323_bin.6",93.47,2.75,"K00197","absent","reductive acetogenesis","CO-methylating acetyl-CoA synthase corrinoid iron-sulfur protein large subunit precursor","acsC"
"Amitermes_sp_BEC323_bin.6",93.47,2.75,"K00197","absent","methanogenesis","methanogenesis_via_acetate","cdhE"
"Amitermes_sp_BEC323_bin.6",93.47,2.75,"K00198","absent","reductive acetogenesis","Ni-dependent carbon monoxide dehydrogenase (CODH) catalytic subunit","acsA"
"Amitermes_sp_BEC323_bin.6",93.47,2.75,"K00394","absent","sulfate reduction","adenylylsulfate reductase subunit A","AprA"
"Amitermes_sp_BEC323_bin.6",93.47,2.75,"K00583","absent","methanogenesis","methanogenesis_via_CO2","mtrG"
"Amitermes_sp_BEC323_bin.6",93.47,2.75,"K00925","absent","reductive acetogenesis","Acetate kinase","ack"
"Amitermes_sp_BEC323_bin.6",93.47,2.75,"K00925","absent","methanogenesis","methanogenesis_via_acetate","ack"
"Amitermes_sp_BEC323_bin.6",93.47,2.75,"K00958","absent","sulfate reduction","sulfate adenylyltransferase","SAT"
"Amitermes_sp_BEC323_bin.6",93.47,2.75,"K01938","present","reductive acetogenesis","Formate-tetrahydrofolate ligase FTHFS","fhs"
"Amitermes_sp_BEC323_bin.6",93.47,2.75,"K02111","absent","reductive acetogenesis","F-type H+/Na+-transporting ATPase subunit alpha","atpA"
"Amitermes_sp_BEC323_bin.6",93.47,2.75,"K03388","absent","methanogenesis","hdr flavoprotein analogs","hdrA2"
"Amitermes_sp_BEC323_bin.6",93.47,2.75,"K03612","present","methanogenesis","rnf  complex","rnfG"
"Amitermes_sp_BEC323_bin.6",93.47,2.75,"K03612","present","reductive acetogenesis","Na+-translocating ferredoxin:NAD+ oxidoreductase subunit G","rnfG"
"Amitermes_sp_BEC323_bin.6",93.47,2.75,"K03613","present","reductive acetogenesis","Na+-translocating ferredoxin:NAD+ oxidoreductase subunit E","rnfE"
"Amitermes_sp_BEC323_bin.6",93.47,2.75,"K03613","present","methanogenesis","rnf  complex","rnfE"
"Amitermes_sp_BEC323_bin.6",93.47,2.75,"K03614","present","methanogenesis","rnf  complex","rnfD"
"Amitermes_sp_BEC323_bin.6",93.47,2.75,"K03614","present","reductive acetogenesis","Na+-translocating ferredoxin:NAD+ oxidoreductase subunit D","rnfD"
"Amitermes_sp_BEC323_bin.6",93.47,2.75,"K03615","absent","methanogenesis","rnf  complex","rnfC"
"Amitermes_sp_BEC323_bin.6",93.47,2.75,"K03615","absent","reductive acetogenesis","Na+-translocating ferredoxin:NAD+ oxidoreductase subunit C","rnfC"
"Amitermes_sp_BEC323_bin.6",93.47,2.75,"K03617","absent","reductive acetogenesis","Na+-translocating ferredoxin:NAD+ oxidoreductase subunit A","rnfA"
"Amitermes_sp_BEC323_bin.6",93.47,2.75,"K03617","absent","methanogenesis","rnf  complex","rnfA"
"Amitermes_sp_BEC323_bin.6",93.47,2.75,"K11181","absent","sulfate reduction","dissimilatory sulfite reductase beta subunit","DsrB"
"Amitermes_sp_BEC323_bin.6",93.47,2.75,"K11261","absent","methanogenesis","methanogenesis_via_CO2","fmdE"
"Amitermes_sp_BEC323_bin.6",93.47,2.75,"K13788","present","methanogenesis","methanogenesis_via_acetate","pta"
"Amitermes_sp_BEC323_bin.6",93.47,2.75,"K14080","present","methanogenesis","methanogenesis_via_Methanol","mtaA"
"Amitermes_sp_BEC323_bin.6",93.47,2.75,"K14081","absent","methanogenesis","methanogenesis_via_Methanol","mtaC"
"Amitermes_sp_BEC323_bin.6",93.47,2.75,"K14086","present","methanogenesis","hydrogenases associated with methanogenesis","echA"
"Amitermes_sp_BEC323_bin.6",93.47,2.75,"K14091","absent","methanogenesis","hydrogenases associated with methanogenesis","echF"
"Amitermes_sp_BEC323_bin.6",93.47,2.75,"K16177","absent","methanogenesis","methanogenesis_via_Monomethylamine/Dimethylamine/Trimethylamine","mtmC"
"Amitermes_sp_BEC323_bin.6",93.47,2.75,"K16178","absent","methanogenesis","methanogenesis_via_Monomethylamine/Dimethylamine/Trimethylamine","mtbB"
"Amitermes_sp_BEC323_bin.6",93.47,2.75,"K16179","absent","methanogenesis","methanogenesis_via_Monomethylamine/Dimethylamine/Trimethylamine","mtbC"
"Amitermes_sp_BEC323_bin.6",93.47,2.75,"K17992","absent","reductive acetogenesis","NADP-reducing hydrogenase subunit HndB","hndB"
"Amitermes_sp_BEC323_bin.6",93.47,2.75,"K18331","present","reductive acetogenesis","NADP-reducing hydrogenase subunit HndC","hndC"
"Amitermes_sp_BEC323_bin.6",93.47,2.75,"K18332","absent","reductive acetogenesis","NADP-reducing hydrogenase subunit HndD","hndD"
"Amitermes_sp_BEC323_bin.6",93.47,2.75,"K22480","absent","methanogenesis","hdr flavoprotein analogs","hdrA1"
"D_gayi_BEC329_bin.1",38.2,1.13,"K00192","absent","methanogenesis","methanogenesis_via_CO2","cdhA"
"D_gayi_BEC329_bin.1",38.2,1.13,"K00193","absent","methanogenesis","methanogenesis_via_acetate","cdhC"
"D_gayi_BEC329_bin.1",38.2,1.13,"K00194","absent","reductive acetogenesis","Acetyl-CoA decarbonylase/synthase delta subunit (corrinoid iron-sulfur protein)","acsD"
"D_gayi_BEC329_bin.1",38.2,1.13,"K00194","absent","methanogenesis","methanogenesis_via_acetate","cdhD"
"D_gayi_BEC329_bin.1",38.2,1.13,"K00197","absent","reductive acetogenesis","CO-methylating acetyl-CoA synthase corrinoid iron-sulfur protein large subunit precursor","acsC"
"D_gayi_BEC329_bin.1",38.2,1.13,"K00197","absent","methanogenesis","methanogenesis_via_acetate","cdhE"
"D_gayi_BEC329_bin.1",38.2,1.13,"K00198","absent","reductive acetogenesis","Ni-dependent carbon monoxide dehydrogenase (CODH) catalytic subunit","acsA"
"D_gayi_BEC329_bin.1",38.2,1.13,"K00394","present","sulfate reduction","adenylylsulfate reductase subunit A","AprA"
"D_gayi_BEC329_bin.1",38.2,1.13,"K00583","absent","methanogenesis","methanogenesis_via_CO2","mtrG"
"D_gayi_BEC329_bin.1",38.2,1.13,"K00925","absent","reductive acetogenesis","Acetate kinase","ack"
"D_gayi_BEC329_bin.1",38.2,1.13,"K00925","absent","methanogenesis","methanogenesis_via_acetate","ack"
"D_gayi_BEC329_bin.1",38.2,1.13,"K00958","absent","sulfate reduction","sulfate adenylyltransferase","SAT"
"D_gayi_BEC329_bin.1",38.2,1.13,"K01938","absent","reductive acetogenesis","Formate-tetrahydrofolate ligase FTHFS","fhs"
"D_gayi_BEC329_bin.1",38.2,1.13,"K02111","absent","reductive acetogenesis","F-type H+/Na+-transporting ATPase subunit alpha","atpA"
"D_gayi_BEC329_bin.1",38.2,1.13,"K03388","absent","methanogenesis","hdr flavoprotein analogs","hdrA2"
"D_gayi_BEC329_bin.1",38.2,1.13,"K03612","absent","methanogenesis","rnf  complex","rnfG"
"D_gayi_BEC329_bin.1",38.2,1.13,"K03612","absent","reductive acetogenesis","Na+-translocating ferredoxin:NAD+ oxidoreductase subunit G","rnfG"
"D_gayi_BEC329_bin.1",38.2,1.13,"K03613","present","reductive acetogenesis","Na+-translocating ferredoxin:NAD+ oxidoreductase subunit E","rnfE"
"D_gayi_BEC329_bin.1",38.2,1.13,"K03613","present","methanogenesis","rnf  complex","rnfE"
"D_gayi_BEC329_bin.1",38.2,1.13,"K03614","absent","methanogenesis","rnf  complex","rnfD"
"D_gayi_BEC329_bin.1",38.2,1.13,"K03614","absent","reductive acetogenesis","Na+-translocating ferredoxin:NAD+ oxidoreductase subunit D","rnfD"
"D_gayi_BEC329_bin.1",38.2,1.13,"K03615","absent","methanogenesis","rnf  complex","rnfC"
"D_gayi_BEC329_bin.1",38.2,1.13,"K03615","absent","reductive acetogenesis","Na+-translocating ferredoxin:NAD+ oxidoreductase subunit C","rnfC"
"D_gayi_BEC329_bin.1",38.2,1.13,"K03617","present","reductive acetogenesis","Na+-translocating ferredoxin:NAD+ oxidoreductase subunit A","rnfA"
"D_gayi_BEC329_bin.1",38.2,1.13,"K03617","present","methanogenesis","rnf  complex","rnfA"
"D_gayi_BEC329_bin.1",38.2,1.13,"K11181","absent","sulfate reduction","dissimilatory sulfite reductase beta subunit","DsrB"
"D_gayi_BEC329_bin.1",38.2,1.13,"K11261","absent","methanogenesis","methanogenesis_via_CO2","fmdE"
"D_gayi_BEC329_bin.1",38.2,1.13,"K13788","absent","methanogenesis","methanogenesis_via_acetate","pta"
"D_gayi_BEC329_bin.1",38.2,1.13,"K14080","absent","methanogenesis","methanogenesis_via_Methanol","mtaA"
"D_gayi_BEC329_bin.1",38.2,1.13,"K14081","absent","methanogenesis","methanogenesis_via_Methanol","mtaC"
"D_gayi_BEC329_bin.1",38.2,1.13,"K14086","absent","methanogenesis","hydrogenases associated with methanogenesis","echA"
"D_gayi_BEC329_bin.1",38.2,1.13,"K14091","absent","methanogenesis","hydrogenases associated with methanogenesis","echF"
"D_gayi_BEC329_bin.1",38.2,1.13,"K16177","absent","methanogenesis","methanogenesis_via_Monomethylamine/Dimethylamine/Trimethylamine","mtmC"
"D_gayi_BEC329_bin.1",38.2,1.13,"K16178","absent","methanogenesis","methanogenesis_via_Monomethylamine/Dimethylamine/Trimethylamine","mtbB"
"D_gayi_BEC329_bin.1",38.2,1.13,"K16179","absent","methanogenesis","methanogenesis_via_Monomethylamine/Dimethylamine/Trimethylamine","mtbC"
"D_gayi_BEC329_bin.1",38.2,1.13,"K17992","absent","reductive acetogenesis","NADP-reducing hydrogenase subunit HndB","hndB"
"D_gayi_BEC329_bin.1",38.2,1.13,"K18331","absent","reductive acetogenesis","NADP-reducing hydrogenase subunit HndC","hndC"
"D_gayi_BEC329_bin.1",38.2,1.13,"K18332","absent","reductive acetogenesis","NADP-reducing hydrogenase subunit HndD","hndD"
"D_gayi_BEC329_bin.1",38.2,1.13,"K22480","absent","methanogenesis","hdr flavoprotein analogs","hdrA1"
"D_gayi_BEC329_bin.3",35.21,9.13,"K00192","absent","methanogenesis","methanogenesis_via_CO2","cdhA"
"D_gayi_BEC329_bin.3",35.21,9.13,"K00193","absent","methanogenesis","methanogenesis_via_acetate","cdhC"
"D_gayi_BEC329_bin.3",35.21,9.13,"K00194","absent","reductive acetogenesis","Acetyl-CoA decarbonylase/synthase delta subunit (corrinoid iron-sulfur protein)","acsD"
"D_gayi_BEC329_bin.3",35.21,9.13,"K00194","absent","methanogenesis","methanogenesis_via_acetate","cdhD"
"D_gayi_BEC329_bin.3",35.21,9.13,"K00197","absent","reductive acetogenesis","CO-methylating acetyl-CoA synthase corrinoid iron-sulfur protein large subunit precursor","acsC"
"D_gayi_BEC329_bin.3",35.21,9.13,"K00197","absent","methanogenesis","methanogenesis_via_acetate","cdhE"
"D_gayi_BEC329_bin.3",35.21,9.13,"K00198","absent","reductive acetogenesis","Ni-dependent carbon monoxide dehydrogenase (CODH) catalytic subunit","acsA"
"D_gayi_BEC329_bin.3",35.21,9.13,"K00394","absent","sulfate reduction","adenylylsulfate reductase subunit A","AprA"
"D_gayi_BEC329_bin.3",35.21,9.13,"K00583","absent","methanogenesis","methanogenesis_via_CO2","mtrG"
"D_gayi_BEC329_bin.3",35.21,9.13,"K00925","absent","reductive acetogenesis","Acetate kinase","ack"
"D_gayi_BEC329_bin.3",35.21,9.13,"K00925","absent","methanogenesis","methanogenesis_via_acetate","ack"
"D_gayi_BEC329_bin.3",35.21,9.13,"K00958","absent","sulfate reduction","sulfate adenylyltransferase","SAT"
"D_gayi_BEC329_bin.3",35.21,9.13,"K01938","absent","reductive acetogenesis","Formate-tetrahydrofolate ligase FTHFS","fhs"
"D_gayi_BEC329_bin.3",35.21,9.13,"K02111","absent","reductive acetogenesis","F-type H+/Na+-transporting ATPase subunit alpha","atpA"
"D_gayi_BEC329_bin.3",35.21,9.13,"K03388","present","methanogenesis","hdr flavoprotein analogs","hdrA2"
"D_gayi_BEC329_bin.3",35.21,9.13,"K03612","absent","methanogenesis","rnf  complex","rnfG"
"D_gayi_BEC329_bin.3",35.21,9.13,"K03612","absent","reductive acetogenesis","Na+-translocating ferredoxin:NAD+ oxidoreductase subunit G","rnfG"
"D_gayi_BEC329_bin.3",35.21,9.13,"K03613","absent","reductive acetogenesis","Na+-translocating ferredoxin:NAD+ oxidoreductase subunit E","rnfE"
"D_gayi_BEC329_bin.3",35.21,9.13,"K03613","absent","methanogenesis","rnf  complex","rnfE"
"D_gayi_BEC329_bin.3",35.21,9.13,"K03614","absent","methanogenesis","rnf  complex","rnfD"
"D_gayi_BEC329_bin.3",35.21,9.13,"K03614","absent","reductive acetogenesis","Na+-translocating ferredoxin:NAD+ oxidoreductase subunit D","rnfD"
"D_gayi_BEC329_bin.3",35.21,9.13,"K03615","present","methanogenesis","rnf  complex","rnfC"
"D_gayi_BEC329_bin.3",35.21,9.13,"K03615","present","reductive acetogenesis","Na+-translocating ferredoxin:NAD+ oxidoreductase subunit C","rnfC"
"D_gayi_BEC329_bin.3",35.21,9.13,"K03617","present","reductive acetogenesis","Na+-translocating ferredoxin:NAD+ oxidoreductase subunit A","rnfA"
"D_gayi_BEC329_bin.3",35.21,9.13,"K03617","present","methanogenesis","rnf  complex","rnfA"
"D_gayi_BEC329_bin.3",35.21,9.13,"K11181","absent","sulfate reduction","dissimilatory sulfite reductase beta subunit","DsrB"
"D_gayi_BEC329_bin.3",35.21,9.13,"K11261","absent","methanogenesis","methanogenesis_via_CO2","fmdE"
"D_gayi_BEC329_bin.3",35.21,9.13,"K13788","absent","methanogenesis","methanogenesis_via_acetate","pta"
"D_gayi_BEC329_bin.3",35.21,9.13,"K14080","absent","methanogenesis","methanogenesis_via_Methanol","mtaA"
"D_gayi_BEC329_bin.3",35.21,9.13,"K14081","absent","methanogenesis","methanogenesis_via_Methanol","mtaC"
"D_gayi_BEC329_bin.3",35.21,9.13,"K14086","absent","methanogenesis","hydrogenases associated with methanogenesis","echA"
"D_gayi_BEC329_bin.3",35.21,9.13,"K14091","absent","methanogenesis","hydrogenases associated with methanogenesis","echF"
"D_gayi_BEC329_bin.3",35.21,9.13,"K16177","absent","methanogenesis","methanogenesis_via_Monomethylamine/Dimethylamine/Trimethylamine","mtmC"
"D_gayi_BEC329_bin.3",35.21,9.13,"K16178","absent","methanogenesis","methanogenesis_via_Monomethylamine/Dimethylamine/Trimethylamine","mtbB"
"D_gayi_BEC329_bin.3",35.21,9.13,"K16179","absent","methanogenesis","methanogenesis_via_Monomethylamine/Dimethylamine/Trimethylamine","mtbC"
"D_gayi_BEC329_bin.3",35.21,9.13,"K17992","absent","reductive acetogenesis","NADP-reducing hydrogenase subunit HndB","hndB"
"D_gayi_BEC329_bin.3",35.21,9.13,"K18331","absent","reductive acetogenesis","NADP-reducing hydrogenase subunit HndC","hndC"
"D_gayi_BEC329_bin.3",35.21,9.13,"K18332","absent","reductive acetogenesis","NADP-reducing hydrogenase subunit HndD","hndD"
"D_gayi_BEC329_bin.3",35.21,9.13,"K22480","absent","methanogenesis","hdr flavoprotein analogs","hdrA1"
"D_gayi_BEC330_bin.1",61.29,2.06,"K00192","absent","methanogenesis","methanogenesis_via_CO2","cdhA"
"D_gayi_BEC330_bin.1",61.29,2.06,"K00193","absent","methanogenesis","methanogenesis_via_acetate","cdhC"
"D_gayi_BEC330_bin.1",61.29,2.06,"K00194","absent","reductive acetogenesis","Acetyl-CoA decarbonylase/synthase delta subunit (corrinoid iron-sulfur protein)","acsD"
"D_gayi_BEC330_bin.1",61.29,2.06,"K00194","absent","methanogenesis","methanogenesis_via_acetate","cdhD"
"D_gayi_BEC330_bin.1",61.29,2.06,"K00197","absent","reductive acetogenesis","CO-methylating acetyl-CoA synthase corrinoid iron-sulfur protein large subunit precursor","acsC"
"D_gayi_BEC330_bin.1",61.29,2.06,"K00197","absent","methanogenesis","methanogenesis_via_acetate","cdhE"
"D_gayi_BEC330_bin.1",61.29,2.06,"K00198","absent","reductive acetogenesis","Ni-dependent carbon monoxide dehydrogenase (CODH) catalytic subunit","acsA"
"D_gayi_BEC330_bin.1",61.29,2.06,"K00394","absent","sulfate reduction","adenylylsulfate reductase subunit A","AprA"
"D_gayi_BEC330_bin.1",61.29,2.06,"K00583","absent","methanogenesis","methanogenesis_via_CO2","mtrG"
"D_gayi_BEC330_bin.1",61.29,2.06,"K00925","absent","reductive acetogenesis","Acetate kinase","ack"
"D_gayi_BEC330_bin.1",61.29,2.06,"K00925","absent","methanogenesis","methanogenesis_via_acetate","ack"
"D_gayi_BEC330_bin.1",61.29,2.06,"K00958","absent","sulfate reduction","sulfate adenylyltransferase","SAT"
"D_gayi_BEC330_bin.1",61.29,2.06,"K01938","absent","reductive acetogenesis","Formate-tetrahydrofolate ligase FTHFS","fhs"
"D_gayi_BEC330_bin.1",61.29,2.06,"K02111","absent","reductive acetogenesis","F-type H+/Na+-transporting ATPase subunit alpha","atpA"
"D_gayi_BEC330_bin.1",61.29,2.06,"K03388","absent","methanogenesis","hdr flavoprotein analogs","hdrA2"
"D_gayi_BEC330_bin.1",61.29,2.06,"K03612","present","methanogenesis","rnf  complex","rnfG"
"D_gayi_BEC330_bin.1",61.29,2.06,"K03612","present","reductive acetogenesis","Na+-translocating ferredoxin:NAD+ oxidoreductase subunit G","rnfG"
"D_gayi_BEC330_bin.1",61.29,2.06,"K03613","absent","reductive acetogenesis","Na+-translocating ferredoxin:NAD+ oxidoreductase subunit E","rnfE"
"D_gayi_BEC330_bin.1",61.29,2.06,"K03613","absent","methanogenesis","rnf  complex","rnfE"
"D_gayi_BEC330_bin.1",61.29,2.06,"K03614","absent","methanogenesis","rnf  complex","rnfD"
"D_gayi_BEC330_bin.1",61.29,2.06,"K03614","absent","reductive acetogenesis","Na+-translocating ferredoxin:NAD+ oxidoreductase subunit D","rnfD"
"D_gayi_BEC330_bin.1",61.29,2.06,"K03615","absent","methanogenesis","rnf  complex","rnfC"
"D_gayi_BEC330_bin.1",61.29,2.06,"K03615","absent","reductive acetogenesis","Na+-translocating ferredoxin:NAD+ oxidoreductase subunit C","rnfC"
"D_gayi_BEC330_bin.1",61.29,2.06,"K03617","absent","reductive acetogenesis","Na+-translocating ferredoxin:NAD+ oxidoreductase subunit A","rnfA"
"D_gayi_BEC330_bin.1",61.29,2.06,"K03617","absent","methanogenesis","rnf  complex","rnfA"
"D_gayi_BEC330_bin.1",61.29,2.06,"K11181","absent","sulfate reduction","dissimilatory sulfite reductase beta subunit","DsrB"
"D_gayi_BEC330_bin.1",61.29,2.06,"K11261","absent","methanogenesis","methanogenesis_via_CO2","fmdE"
"D_gayi_BEC330_bin.1",61.29,2.06,"K13788","absent","methanogenesis","methanogenesis_via_acetate","pta"
"D_gayi_BEC330_bin.1",61.29,2.06,"K14080","absent","methanogenesis","methanogenesis_via_Methanol","mtaA"
"D_gayi_BEC330_bin.1",61.29,2.06,"K14081","absent","methanogenesis","methanogenesis_via_Methanol","mtaC"
"D_gayi_BEC330_bin.1",61.29,2.06,"K14086","present","methanogenesis","hydrogenases associated with methanogenesis","echA"
"D_gayi_BEC330_bin.1",61.29,2.06,"K14091","absent","methanogenesis","hydrogenases associated with methanogenesis","echF"
"D_gayi_BEC330_bin.1",61.29,2.06,"K16177","absent","methanogenesis","methanogenesis_via_Monomethylamine/Dimethylamine/Trimethylamine","mtmC"
"D_gayi_BEC330_bin.1",61.29,2.06,"K16178","absent","methanogenesis","methanogenesis_via_Monomethylamine/Dimethylamine/Trimethylamine","mtbB"
"D_gayi_BEC330_bin.1",61.29,2.06,"K16179","absent","methanogenesis","methanogenesis_via_Monomethylamine/Dimethylamine/Trimethylamine","mtbC"
"D_gayi_BEC330_bin.1",61.29,2.06,"K17992","present","reductive acetogenesis","NADP-reducing hydrogenase subunit HndB","hndB"
"D_gayi_BEC330_bin.1",61.29,2.06,"K18331","absent","reductive acetogenesis","NADP-reducing hydrogenase subunit HndC","hndC"
"D_gayi_BEC330_bin.1",61.29,2.06,"K18332","absent","reductive acetogenesis","NADP-reducing hydrogenase subunit HndD","hndD"
"D_gayi_BEC330_bin.1",61.29,2.06,"K22480","absent","methanogenesis","hdr flavoprotein analogs","hdrA1"
"D_perniger_BEC342_bin.1",82.38,3.27,"K00192","absent","methanogenesis","methanogenesis_via_CO2","cdhA"
"D_perniger_BEC342_bin.1",82.38,3.27,"K00193","absent","methanogenesis","methanogenesis_via_acetate","cdhC"
"D_perniger_BEC342_bin.1",82.38,3.27,"K00194","absent","reductive acetogenesis","Acetyl-CoA decarbonylase/synthase delta subunit (corrinoid iron-sulfur protein)","acsD"
"D_perniger_BEC342_bin.1",82.38,3.27,"K00194","absent","methanogenesis","methanogenesis_via_acetate","cdhD"
"D_perniger_BEC342_bin.1",82.38,3.27,"K00197","absent","reductive acetogenesis","CO-methylating acetyl-CoA synthase corrinoid iron-sulfur protein large subunit precursor","acsC"
"D_perniger_BEC342_bin.1",82.38,3.27,"K00197","absent","methanogenesis","methanogenesis_via_acetate","cdhE"
"D_perniger_BEC342_bin.1",82.38,3.27,"K00198","absent","reductive acetogenesis","Ni-dependent carbon monoxide dehydrogenase (CODH) catalytic subunit","acsA"
"D_perniger_BEC342_bin.1",82.38,3.27,"K00394","absent","sulfate reduction","adenylylsulfate reductase subunit A","AprA"
"D_perniger_BEC342_bin.1",82.38,3.27,"K00583","absent","methanogenesis","methanogenesis_via_CO2","mtrG"
"D_perniger_BEC342_bin.1",82.38,3.27,"K00925","present","reductive acetogenesis","Acetate kinase","ack"
"D_perniger_BEC342_bin.1",82.38,3.27,"K00925","present","methanogenesis","methanogenesis_via_acetate","ack"
"D_perniger_BEC342_bin.1",82.38,3.27,"K00958","absent","sulfate reduction","sulfate adenylyltransferase","SAT"
"D_perniger_BEC342_bin.1",82.38,3.27,"K01938","present","reductive acetogenesis","Formate-tetrahydrofolate ligase FTHFS","fhs"
"D_perniger_BEC342_bin.1",82.38,3.27,"K02111","absent","reductive acetogenesis","F-type H+/Na+-transporting ATPase subunit alpha","atpA"
"D_perniger_BEC342_bin.1",82.38,3.27,"K03388","absent","methanogenesis","hdr flavoprotein analogs","hdrA2"
"D_perniger_BEC342_bin.1",82.38,3.27,"K03612","present","methanogenesis","rnf  complex","rnfG"
"D_perniger_BEC342_bin.1",82.38,3.27,"K03612","present","reductive acetogenesis","Na+-translocating ferredoxin:NAD+ oxidoreductase subunit G","rnfG"
"D_perniger_BEC342_bin.1",82.38,3.27,"K03613","present","reductive acetogenesis","Na+-translocating ferredoxin:NAD+ oxidoreductase subunit E","rnfE"
"D_perniger_BEC342_bin.1",82.38,3.27,"K03613","present","methanogenesis","rnf  complex","rnfE"
"D_perniger_BEC342_bin.1",82.38,3.27,"K03614","present","methanogenesis","rnf  complex","rnfD"
"D_perniger_BEC342_bin.1",82.38,3.27,"K03614","present","reductive acetogenesis","Na+-translocating ferredoxin:NAD+ oxidoreductase subunit D","rnfD"
"D_perniger_BEC342_bin.1",82.38,3.27,"K03615","absent","methanogenesis","rnf  complex","rnfC"
"D_perniger_BEC342_bin.1",82.38,3.27,"K03615","absent","reductive acetogenesis","Na+-translocating ferredoxin:NAD+ oxidoreductase subunit C","rnfC"
"D_perniger_BEC342_bin.1",82.38,3.27,"K03617","absent","reductive acetogenesis","Na+-translocating ferredoxin:NAD+ oxidoreductase subunit A","rnfA"
"D_perniger_BEC342_bin.1",82.38,3.27,"K03617","absent","methanogenesis","rnf  complex","rnfA"
"D_perniger_BEC342_bin.1",82.38,3.27,"K11181","absent","sulfate reduction","dissimilatory sulfite reductase beta subunit","DsrB"
"D_perniger_BEC342_bin.1",82.38,3.27,"K11261","absent","methanogenesis","methanogenesis_via_CO2","fmdE"
"D_perniger_BEC342_bin.1",82.38,3.27,"K13788","absent","methanogenesis","methanogenesis_via_acetate","pta"
"D_perniger_BEC342_bin.1",82.38,3.27,"K14080","absent","methanogenesis","methanogenesis_via_Methanol","mtaA"
"D_perniger_BEC342_bin.1",82.38,3.27,"K14081","absent","methanogenesis","methanogenesis_via_Methanol","mtaC"
"D_perniger_BEC342_bin.1",82.38,3.27,"K14086","absent","methanogenesis","hydrogenases associated with methanogenesis","echA"
"D_perniger_BEC342_bin.1",82.38,3.27,"K14091","absent","methanogenesis","hydrogenases associated with methanogenesis","echF"
"D_perniger_BEC342_bin.1",82.38,3.27,"K16177","absent","methanogenesis","methanogenesis_via_Monomethylamine/Dimethylamine/Trimethylamine","mtmC"
"D_perniger_BEC342_bin.1",82.38,3.27,"K16178","absent","methanogenesis","methanogenesis_via_Monomethylamine/Dimethylamine/Trimethylamine","mtbB"
"D_perniger_BEC342_bin.1",82.38,3.27,"K16179","absent","methanogenesis","methanogenesis_via_Monomethylamine/Dimethylamine/Trimethylamine","mtbC"
"D_perniger_BEC342_bin.1",82.38,3.27,"K17992","absent","reductive acetogenesis","NADP-reducing hydrogenase subunit HndB","hndB"
"D_perniger_BEC342_bin.1",82.38,3.27,"K18331","absent","reductive acetogenesis","NADP-reducing hydrogenase subunit HndC","hndC"
"D_perniger_BEC342_bin.1",82.38,3.27,"K18332","absent","reductive acetogenesis","NADP-reducing hydrogenase subunit HndD","hndD"
"D_perniger_BEC342_bin.1",82.38,3.27,"K22480","absent","methanogenesis","hdr flavoprotein analogs","hdrA1"
"D_perniger_BEC343_bin.1",85.84,1.68,"K00192","absent","methanogenesis","methanogenesis_via_CO2","cdhA"
"D_perniger_BEC343_bin.1",85.84,1.68,"K00193","absent","methanogenesis","methanogenesis_via_acetate","cdhC"
"D_perniger_BEC343_bin.1",85.84,1.68,"K00194","absent","reductive acetogenesis","Acetyl-CoA decarbonylase/synthase delta subunit (corrinoid iron-sulfur protein)","acsD"
"D_perniger_BEC343_bin.1",85.84,1.68,"K00194","absent","methanogenesis","methanogenesis_via_acetate","cdhD"
"D_perniger_BEC343_bin.1",85.84,1.68,"K00197","absent","reductive acetogenesis","CO-methylating acetyl-CoA synthase corrinoid iron-sulfur protein large subunit precursor","acsC"
"D_perniger_BEC343_bin.1",85.84,1.68,"K00197","absent","methanogenesis","methanogenesis_via_acetate","cdhE"
"D_perniger_BEC343_bin.1",85.84,1.68,"K00198","absent","reductive acetogenesis","Ni-dependent carbon monoxide dehydrogenase (CODH) catalytic subunit","acsA"
"D_perniger_BEC343_bin.1",85.84,1.68,"K00394","present","sulfate reduction","adenylylsulfate reductase subunit A","AprA"
"D_perniger_BEC343_bin.1",85.84,1.68,"K00583","absent","methanogenesis","methanogenesis_via_CO2","mtrG"
"D_perniger_BEC343_bin.1",85.84,1.68,"K00925","absent","reductive acetogenesis","Acetate kinase","ack"
"D_perniger_BEC343_bin.1",85.84,1.68,"K00925","absent","methanogenesis","methanogenesis_via_acetate","ack"
"D_perniger_BEC343_bin.1",85.84,1.68,"K00958","absent","sulfate reduction","sulfate adenylyltransferase","SAT"
"D_perniger_BEC343_bin.1",85.84,1.68,"K01938","absent","reductive acetogenesis","Formate-tetrahydrofolate ligase FTHFS","fhs"
"D_perniger_BEC343_bin.1",85.84,1.68,"K02111","absent","reductive acetogenesis","F-type H+/Na+-transporting ATPase subunit alpha","atpA"
"D_perniger_BEC343_bin.1",85.84,1.68,"K03388","absent","methanogenesis","hdr flavoprotein analogs","hdrA2"
"D_perniger_BEC343_bin.1",85.84,1.68,"K03612","absent","methanogenesis","rnf  complex","rnfG"
"D_perniger_BEC343_bin.1",85.84,1.68,"K03612","absent","reductive acetogenesis","Na+-translocating ferredoxin:NAD+ oxidoreductase subunit G","rnfG"
"D_perniger_BEC343_bin.1",85.84,1.68,"K03613","present","reductive acetogenesis","Na+-translocating ferredoxin:NAD+ oxidoreductase subunit E","rnfE"
"D_perniger_BEC343_bin.1",85.84,1.68,"K03613","present","methanogenesis","rnf  complex","rnfE"
"D_perniger_BEC343_bin.1",85.84,1.68,"K03614","absent","methanogenesis","rnf  complex","rnfD"
"D_perniger_BEC343_bin.1",85.84,1.68,"K03614","absent","reductive acetogenesis","Na+-translocating ferredoxin:NAD+ oxidoreductase subunit D","rnfD"
"D_perniger_BEC343_bin.1",85.84,1.68,"K03615","absent","methanogenesis","rnf  complex","rnfC"
"D_perniger_BEC343_bin.1",85.84,1.68,"K03615","absent","reductive acetogenesis","Na+-translocating ferredoxin:NAD+ oxidoreductase subunit C","rnfC"
"D_perniger_BEC343_bin.1",85.84,1.68,"K03617","absent","reductive acetogenesis","Na+-translocating ferredoxin:NAD+ oxidoreductase subunit A","rnfA"
"D_perniger_BEC343_bin.1",85.84,1.68,"K03617","absent","methanogenesis","rnf  complex","rnfA"
"D_perniger_BEC343_bin.1",85.84,1.68,"K11181","present","sulfate reduction","dissimilatory sulfite reductase beta subunit","DsrB"
"D_perniger_BEC343_bin.1",85.84,1.68,"K11261","absent","methanogenesis","methanogenesis_via_CO2","fmdE"
"D_perniger_BEC343_bin.1",85.84,1.68,"K13788","absent","methanogenesis","methanogenesis_via_acetate","pta"
"D_perniger_BEC343_bin.1",85.84,1.68,"K14080","absent","methanogenesis","methanogenesis_via_Methanol","mtaA"
"D_perniger_BEC343_bin.1",85.84,1.68,"K14081","absent","methanogenesis","methanogenesis_via_Methanol","mtaC"
"D_perniger_BEC343_bin.1",85.84,1.68,"K14086","absent","methanogenesis","hydrogenases associated with methanogenesis","echA"
"D_perniger_BEC343_bin.1",85.84,1.68,"K14091","absent","methanogenesis","hydrogenases associated with methanogenesis","echF"
"D_perniger_BEC343_bin.1",85.84,1.68,"K16177","absent","methanogenesis","methanogenesis_via_Monomethylamine/Dimethylamine/Trimethylamine","mtmC"
"D_perniger_BEC343_bin.1",85.84,1.68,"K16178","absent","methanogenesis","methanogenesis_via_Monomethylamine/Dimethylamine/Trimethylamine","mtbB"
"D_perniger_BEC343_bin.1",85.84,1.68,"K16179","absent","methanogenesis","methanogenesis_via_Monomethylamine/Dimethylamine/Trimethylamine","mtbC"
"D_perniger_BEC343_bin.1",85.84,1.68,"K17992","absent","reductive acetogenesis","NADP-reducing hydrogenase subunit HndB","hndB"
"D_perniger_BEC343_bin.1",85.84,1.68,"K18331","present","reductive acetogenesis","NADP-reducing hydrogenase subunit HndC","hndC"
"D_perniger_BEC343_bin.1",85.84,1.68,"K18332","absent","reductive acetogenesis","NADP-reducing hydrogenase subunit HndD","hndD"
"D_perniger_BEC343_bin.1",85.84,1.68,"K22480","absent","methanogenesis","hdr flavoprotein analogs","hdrA1"
"D_perniger_BEC343_bin.2",36.58,3.92,"K00192","absent","methanogenesis","methanogenesis_via_CO2","cdhA"
"D_perniger_BEC343_bin.2",36.58,3.92,"K00193","absent","methanogenesis","methanogenesis_via_acetate","cdhC"
"D_perniger_BEC343_bin.2",36.58,3.92,"K00194","absent","reductive acetogenesis","Acetyl-CoA decarbonylase/synthase delta subunit (corrinoid iron-sulfur protein)","acsD"
"D_perniger_BEC343_bin.2",36.58,3.92,"K00194","absent","methanogenesis","methanogenesis_via_acetate","cdhD"
"D_perniger_BEC343_bin.2",36.58,3.92,"K00197","absent","reductive acetogenesis","CO-methylating acetyl-CoA synthase corrinoid iron-sulfur protein large subunit precursor","acsC"
"D_perniger_BEC343_bin.2",36.58,3.92,"K00197","absent","methanogenesis","methanogenesis_via_acetate","cdhE"
"D_perniger_BEC343_bin.2",36.58,3.92,"K00198","present","reductive acetogenesis","Ni-dependent carbon monoxide dehydrogenase (CODH) catalytic subunit","acsA"
"D_perniger_BEC343_bin.2",36.58,3.92,"K00394","absent","sulfate reduction","adenylylsulfate reductase subunit A","AprA"
"D_perniger_BEC343_bin.2",36.58,3.92,"K00583","absent","methanogenesis","methanogenesis_via_CO2","mtrG"
"D_perniger_BEC343_bin.2",36.58,3.92,"K00925","absent","reductive acetogenesis","Acetate kinase","ack"
"D_perniger_BEC343_bin.2",36.58,3.92,"K00925","absent","methanogenesis","methanogenesis_via_acetate","ack"
"D_perniger_BEC343_bin.2",36.58,3.92,"K00958","absent","sulfate reduction","sulfate adenylyltransferase","SAT"
"D_perniger_BEC343_bin.2",36.58,3.92,"K01938","absent","reductive acetogenesis","Formate-tetrahydrofolate ligase FTHFS","fhs"
"D_perniger_BEC343_bin.2",36.58,3.92,"K02111","absent","reductive acetogenesis","F-type H+/Na+-transporting ATPase subunit alpha","atpA"
"D_perniger_BEC343_bin.2",36.58,3.92,"K03388","absent","methanogenesis","hdr flavoprotein analogs","hdrA2"
"D_perniger_BEC343_bin.2",36.58,3.92,"K03612","absent","methanogenesis","rnf  complex","rnfG"
"D_perniger_BEC343_bin.2",36.58,3.92,"K03612","absent","reductive acetogenesis","Na+-translocating ferredoxin:NAD+ oxidoreductase subunit G","rnfG"
"D_perniger_BEC343_bin.2",36.58,3.92,"K03613","absent","reductive acetogenesis","Na+-translocating ferredoxin:NAD+ oxidoreductase subunit E","rnfE"
"D_perniger_BEC343_bin.2",36.58,3.92,"K03613","absent","methanogenesis","rnf  complex","rnfE"
"D_perniger_BEC343_bin.2",36.58,3.92,"K03614","absent","methanogenesis","rnf  complex","rnfD"
"D_perniger_BEC343_bin.2",36.58,3.92,"K03614","absent","reductive acetogenesis","Na+-translocating ferredoxin:NAD+ oxidoreductase subunit D","rnfD"
"D_perniger_BEC343_bin.2",36.58,3.92,"K03615","absent","methanogenesis","rnf  complex","rnfC"
"D_perniger_BEC343_bin.2",36.58,3.92,"K03615","absent","reductive acetogenesis","Na+-translocating ferredoxin:NAD+ oxidoreductase subunit C","rnfC"
"D_perniger_BEC343_bin.2",36.58,3.92,"K03617","present","reductive acetogenesis","Na+-translocating ferredoxin:NAD+ oxidoreductase subunit A","rnfA"
"D_perniger_BEC343_bin.2",36.58,3.92,"K03617","present","methanogenesis","rnf  complex","rnfA"
"D_perniger_BEC343_bin.2",36.58,3.92,"K11181","absent","sulfate reduction","dissimilatory sulfite reductase beta subunit","DsrB"
"D_perniger_BEC343_bin.2",36.58,3.92,"K11261","present","methanogenesis","methanogenesis_via_CO2","fmdE"
"D_perniger_BEC343_bin.2",36.58,3.92,"K13788","absent","methanogenesis","methanogenesis_via_acetate","pta"
"D_perniger_BEC343_bin.2",36.58,3.92,"K14080","present","methanogenesis","methanogenesis_via_Methanol","mtaA"
"D_perniger_BEC343_bin.2",36.58,3.92,"K14081","absent","methanogenesis","methanogenesis_via_Methanol","mtaC"
"D_perniger_BEC343_bin.2",36.58,3.92,"K14086","absent","methanogenesis","hydrogenases associated with methanogenesis","echA"
"D_perniger_BEC343_bin.2",36.58,3.92,"K14091","absent","methanogenesis","hydrogenases associated with methanogenesis","echF"
"D_perniger_BEC343_bin.2",36.58,3.92,"K16177","present","methanogenesis","methanogenesis_via_Monomethylamine/Dimethylamine/Trimethylamine","mtmC"
"D_perniger_BEC343_bin.2",36.58,3.92,"K16178","absent","methanogenesis","methanogenesis_via_Monomethylamine/Dimethylamine/Trimethylamine","mtbB"
"D_perniger_BEC343_bin.2",36.58,3.92,"K16179","absent","methanogenesis","methanogenesis_via_Monomethylamine/Dimethylamine/Trimethylamine","mtbC"
"D_perniger_BEC343_bin.2",36.58,3.92,"K17992","absent","reductive acetogenesis","NADP-reducing hydrogenase subunit HndB","hndB"
"D_perniger_BEC343_bin.2",36.58,3.92,"K18331","absent","reductive acetogenesis","NADP-reducing hydrogenase subunit HndC","hndC"
"D_perniger_BEC343_bin.2",36.58,3.92,"K18332","absent","reductive acetogenesis","NADP-reducing hydrogenase subunit HndD","hndD"
"D_perniger_BEC343_bin.2",36.58,3.92,"K22480","absent","methanogenesis","hdr flavoprotein analogs","hdrA1"
"D_perniger_BEC344_bin.1",79.41,3.75,"K00192","absent","methanogenesis","methanogenesis_via_CO2","cdhA"
"D_perniger_BEC344_bin.1",79.41,3.75,"K00193","absent","methanogenesis","methanogenesis_via_acetate","cdhC"
"D_perniger_BEC344_bin.1",79.41,3.75,"K00194","absent","reductive acetogenesis","Acetyl-CoA decarbonylase/synthase delta subunit (corrinoid iron-sulfur protein)","acsD"
"D_perniger_BEC344_bin.1",79.41,3.75,"K00194","absent","methanogenesis","methanogenesis_via_acetate","cdhD"
"D_perniger_BEC344_bin.1",79.41,3.75,"K00197","absent","reductive acetogenesis","CO-methylating acetyl-CoA synthase corrinoid iron-sulfur protein large subunit precursor","acsC"
"D_perniger_BEC344_bin.1",79.41,3.75,"K00197","absent","methanogenesis","methanogenesis_via_acetate","cdhE"
"D_perniger_BEC344_bin.1",79.41,3.75,"K00198","absent","reductive acetogenesis","Ni-dependent carbon monoxide dehydrogenase (CODH) catalytic subunit","acsA"
"D_perniger_BEC344_bin.1",79.41,3.75,"K00394","absent","sulfate reduction","adenylylsulfate reductase subunit A","AprA"
"D_perniger_BEC344_bin.1",79.41,3.75,"K00583","absent","methanogenesis","methanogenesis_via_CO2","mtrG"
"D_perniger_BEC344_bin.1",79.41,3.75,"K00925","absent","reductive acetogenesis","Acetate kinase","ack"
"D_perniger_BEC344_bin.1",79.41,3.75,"K00925","absent","methanogenesis","methanogenesis_via_acetate","ack"
"D_perniger_BEC344_bin.1",79.41,3.75,"K00958","absent","sulfate reduction","sulfate adenylyltransferase","SAT"
"D_perniger_BEC344_bin.1",79.41,3.75,"K01938","absent","reductive acetogenesis","Formate-tetrahydrofolate ligase FTHFS","fhs"
"D_perniger_BEC344_bin.1",79.41,3.75,"K02111","absent","reductive acetogenesis","F-type H+/Na+-transporting ATPase subunit alpha","atpA"
"D_perniger_BEC344_bin.1",79.41,3.75,"K03388","absent","methanogenesis","hdr flavoprotein analogs","hdrA2"
"D_perniger_BEC344_bin.1",79.41,3.75,"K03612","absent","methanogenesis","rnf  complex","rnfG"
"D_perniger_BEC344_bin.1",79.41,3.75,"K03612","absent","reductive acetogenesis","Na+-translocating ferredoxin:NAD+ oxidoreductase subunit G","rnfG"
"D_perniger_BEC344_bin.1",79.41,3.75,"K03613","absent","reductive acetogenesis","Na+-translocating ferredoxin:NAD+ oxidoreductase subunit E","rnfE"
"D_perniger_BEC344_bin.1",79.41,3.75,"K03613","absent","methanogenesis","rnf  complex","rnfE"
"D_perniger_BEC344_bin.1",79.41,3.75,"K03614","present","methanogenesis","rnf  complex","rnfD"
"D_perniger_BEC344_bin.1",79.41,3.75,"K03614","present","reductive acetogenesis","Na+-translocating ferredoxin:NAD+ oxidoreductase subunit D","rnfD"
"D_perniger_BEC344_bin.1",79.41,3.75,"K03615","absent","methanogenesis","rnf  complex","rnfC"
"D_perniger_BEC344_bin.1",79.41,3.75,"K03615","absent","reductive acetogenesis","Na+-translocating ferredoxin:NAD+ oxidoreductase subunit C","rnfC"
"D_perniger_BEC344_bin.1",79.41,3.75,"K03617","absent","reductive acetogenesis","Na+-translocating ferredoxin:NAD+ oxidoreductase subunit A","rnfA"
"D_perniger_BEC344_bin.1",79.41,3.75,"K03617","absent","methanogenesis","rnf  complex","rnfA"
"D_perniger_BEC344_bin.1",79.41,3.75,"K11181","absent","sulfate reduction","dissimilatory sulfite reductase beta subunit","DsrB"
"D_perniger_BEC344_bin.1",79.41,3.75,"K11261","absent","methanogenesis","methanogenesis_via_CO2","fmdE"
"D_perniger_BEC344_bin.1",79.41,3.75,"K13788","absent","methanogenesis","methanogenesis_via_acetate","pta"
"D_perniger_BEC344_bin.1",79.41,3.75,"K14080","absent","methanogenesis","methanogenesis_via_Methanol","mtaA"
"D_perniger_BEC344_bin.1",79.41,3.75,"K14081","absent","methanogenesis","methanogenesis_via_Methanol","mtaC"
"D_perniger_BEC344_bin.1",79.41,3.75,"K14086","absent","methanogenesis","hydrogenases associated with methanogenesis","echA"
"D_perniger_BEC344_bin.1",79.41,3.75,"K14091","present","methanogenesis","hydrogenases associated with methanogenesis","echF"
"D_perniger_BEC344_bin.1",79.41,3.75,"K16177","absent","methanogenesis","methanogenesis_via_Monomethylamine/Dimethylamine/Trimethylamine","mtmC"
"D_perniger_BEC344_bin.1",79.41,3.75,"K16178","absent","methanogenesis","methanogenesis_via_Monomethylamine/Dimethylamine/Trimethylamine","mtbB"
"D_perniger_BEC344_bin.1",79.41,3.75,"K16179","absent","methanogenesis","methanogenesis_via_Monomethylamine/Dimethylamine/Trimethylamine","mtbC"
"D_perniger_BEC344_bin.1",79.41,3.75,"K17992","absent","reductive acetogenesis","NADP-reducing hydrogenase subunit HndB","hndB"
"D_perniger_BEC344_bin.1",79.41,3.75,"K18331","absent","reductive acetogenesis","NADP-reducing hydrogenase subunit HndC","hndC"
"D_perniger_BEC344_bin.1",79.41,3.75,"K18332","present","reductive acetogenesis","NADP-reducing hydrogenase subunit HndD","hndD"
"D_perniger_BEC344_bin.1",79.41,3.75,"K22480","absent","methanogenesis","hdr flavoprotein analogs","hdrA1"
"D_perniger_BEC346_bin.2",49.18,0.72,"K00192","absent","methanogenesis","methanogenesis_via_CO2","cdhA"
"D_perniger_BEC346_bin.2",49.18,0.72,"K00193","absent","methanogenesis","methanogenesis_via_acetate","cdhC"
"D_perniger_BEC346_bin.2",49.18,0.72,"K00194","absent","reductive acetogenesis","Acetyl-CoA decarbonylase/synthase delta subunit (corrinoid iron-sulfur protein)","acsD"
"D_perniger_BEC346_bin.2",49.18,0.72,"K00194","absent","methanogenesis","methanogenesis_via_acetate","cdhD"
"D_perniger_BEC346_bin.2",49.18,0.72,"K00197","absent","reductive acetogenesis","CO-methylating acetyl-CoA synthase corrinoid iron-sulfur protein large subunit precursor","acsC"
"D_perniger_BEC346_bin.2",49.18,0.72,"K00197","absent","methanogenesis","methanogenesis_via_acetate","cdhE"
"D_perniger_BEC346_bin.2",49.18,0.72,"K00198","absent","reductive acetogenesis","Ni-dependent carbon monoxide dehydrogenase (CODH) catalytic subunit","acsA"
"D_perniger_BEC346_bin.2",49.18,0.72,"K00394","present","sulfate reduction","adenylylsulfate reductase subunit A","AprA"
"D_perniger_BEC346_bin.2",49.18,0.72,"K00583","absent","methanogenesis","methanogenesis_via_CO2","mtrG"
"D_perniger_BEC346_bin.2",49.18,0.72,"K00925","present","reductive acetogenesis","Acetate kinase","ack"
"D_perniger_BEC346_bin.2",49.18,0.72,"K00925","present","methanogenesis","methanogenesis_via_acetate","ack"
"D_perniger_BEC346_bin.2",49.18,0.72,"K00958","absent","sulfate reduction","sulfate adenylyltransferase","SAT"
"D_perniger_BEC346_bin.2",49.18,0.72,"K01938","absent","reductive acetogenesis","Formate-tetrahydrofolate ligase FTHFS","fhs"
"D_perniger_BEC346_bin.2",49.18,0.72,"K02111","absent","reductive acetogenesis","F-type H+/Na+-transporting ATPase subunit alpha","atpA"
"D_perniger_BEC346_bin.2",49.18,0.72,"K03388","absent","methanogenesis","hdr flavoprotein analogs","hdrA2"
"D_perniger_BEC346_bin.2",49.18,0.72,"K03612","absent","methanogenesis","rnf  complex","rnfG"
"D_perniger_BEC346_bin.2",49.18,0.72,"K03612","absent","reductive acetogenesis","Na+-translocating ferredoxin:NAD+ oxidoreductase subunit G","rnfG"
"D_perniger_BEC346_bin.2",49.18,0.72,"K03613","absent","reductive acetogenesis","Na+-translocating ferredoxin:NAD+ oxidoreductase subunit E","rnfE"
"D_perniger_BEC346_bin.2",49.18,0.72,"K03613","absent","methanogenesis","rnf  complex","rnfE"
"D_perniger_BEC346_bin.2",49.18,0.72,"K03614","absent","methanogenesis","rnf  complex","rnfD"
"D_perniger_BEC346_bin.2",49.18,0.72,"K03614","absent","reductive acetogenesis","Na+-translocating ferredoxin:NAD+ oxidoreductase subunit D","rnfD"
"D_perniger_BEC346_bin.2",49.18,0.72,"K03615","absent","methanogenesis","rnf  complex","rnfC"
"D_perniger_BEC346_bin.2",49.18,0.72,"K03615","absent","reductive acetogenesis","Na+-translocating ferredoxin:NAD+ oxidoreductase subunit C","rnfC"
"D_perniger_BEC346_bin.2",49.18,0.72,"K03617","absent","reductive acetogenesis","Na+-translocating ferredoxin:NAD+ oxidoreductase subunit A","rnfA"
"D_perniger_BEC346_bin.2",49.18,0.72,"K03617","absent","methanogenesis","rnf  complex","rnfA"
"D_perniger_BEC346_bin.2",49.18,0.72,"K11181","absent","sulfate reduction","dissimilatory sulfite reductase beta subunit","DsrB"
"D_perniger_BEC346_bin.2",49.18,0.72,"K11261","absent","methanogenesis","methanogenesis_via_CO2","fmdE"
"D_perniger_BEC346_bin.2",49.18,0.72,"K13788","absent","methanogenesis","methanogenesis_via_acetate","pta"
"D_perniger_BEC346_bin.2",49.18,0.72,"K14080","absent","methanogenesis","methanogenesis_via_Methanol","mtaA"
"D_perniger_BEC346_bin.2",49.18,0.72,"K14081","absent","methanogenesis","methanogenesis_via_Methanol","mtaC"
"D_perniger_BEC346_bin.2",49.18,0.72,"K14086","absent","methanogenesis","hydrogenases associated with methanogenesis","echA"
"D_perniger_BEC346_bin.2",49.18,0.72,"K14091","absent","methanogenesis","hydrogenases associated with methanogenesis","echF"
"D_perniger_BEC346_bin.2",49.18,0.72,"K16177","absent","methanogenesis","methanogenesis_via_Monomethylamine/Dimethylamine/Trimethylamine","mtmC"
"D_perniger_BEC346_bin.2",49.18,0.72,"K16178","absent","methanogenesis","methanogenesis_via_Monomethylamine/Dimethylamine/Trimethylamine","mtbB"
"D_perniger_BEC346_bin.2",49.18,0.72,"K16179","absent","methanogenesis","methanogenesis_via_Monomethylamine/Dimethylamine/Trimethylamine","mtbC"
"D_perniger_BEC346_bin.2",49.18,0.72,"K17992","absent","reductive acetogenesis","NADP-reducing hydrogenase subunit HndB","hndB"
"D_perniger_BEC346_bin.2",49.18,0.72,"K18331","absent","reductive acetogenesis","NADP-reducing hydrogenase subunit HndC","hndC"
"D_perniger_BEC346_bin.2",49.18,0.72,"K18332","absent","reductive acetogenesis","NADP-reducing hydrogenase subunit HndD","hndD"
"D_perniger_BEC346_bin.2",49.18,0.72,"K22480","absent","methanogenesis","hdr flavoprotein analogs","hdrA1"
"D_perniger_BEC346_bin.3",35.48,3.08,"K00192","absent","methanogenesis","methanogenesis_via_CO2","cdhA"
"D_perniger_BEC346_bin.3",35.48,3.08,"K00193","absent","methanogenesis","methanogenesis_via_acetate","cdhC"
"D_perniger_BEC346_bin.3",35.48,3.08,"K00194","absent","reductive acetogenesis","Acetyl-CoA decarbonylase/synthase delta subunit (corrinoid iron-sulfur protein)","acsD"
"D_perniger_BEC346_bin.3",35.48,3.08,"K00194","absent","methanogenesis","methanogenesis_via_acetate","cdhD"
"D_perniger_BEC346_bin.3",35.48,3.08,"K00197","absent","reductive acetogenesis","CO-methylating acetyl-CoA synthase corrinoid iron-sulfur protein large subunit precursor","acsC"
"D_perniger_BEC346_bin.3",35.48,3.08,"K00197","absent","methanogenesis","methanogenesis_via_acetate","cdhE"
"D_perniger_BEC346_bin.3",35.48,3.08,"K00198","absent","reductive acetogenesis","Ni-dependent carbon monoxide dehydrogenase (CODH) catalytic subunit","acsA"
"D_perniger_BEC346_bin.3",35.48,3.08,"K00394","absent","sulfate reduction","adenylylsulfate reductase subunit A","AprA"
"D_perniger_BEC346_bin.3",35.48,3.08,"K00583","present","methanogenesis","methanogenesis_via_CO2","mtrG"
"D_perniger_BEC346_bin.3",35.48,3.08,"K00925","absent","reductive acetogenesis","Acetate kinase","ack"
"D_perniger_BEC346_bin.3",35.48,3.08,"K00925","absent","methanogenesis","methanogenesis_via_acetate","ack"
"D_perniger_BEC346_bin.3",35.48,3.08,"K00958","absent","sulfate reduction","sulfate adenylyltransferase","SAT"
"D_perniger_BEC346_bin.3",35.48,3.08,"K01938","absent","reductive acetogenesis","Formate-tetrahydrofolate ligase FTHFS","fhs"
"D_perniger_BEC346_bin.3",35.48,3.08,"K02111","absent","reductive acetogenesis","F-type H+/Na+-transporting ATPase subunit alpha","atpA"
"D_perniger_BEC346_bin.3",35.48,3.08,"K03388","absent","methanogenesis","hdr flavoprotein analogs","hdrA2"
"D_perniger_BEC346_bin.3",35.48,3.08,"K03612","present","methanogenesis","rnf  complex","rnfG"
"D_perniger_BEC346_bin.3",35.48,3.08,"K03612","present","reductive acetogenesis","Na+-translocating ferredoxin:NAD+ oxidoreductase subunit G","rnfG"
"D_perniger_BEC346_bin.3",35.48,3.08,"K03613","absent","reductive acetogenesis","Na+-translocating ferredoxin:NAD+ oxidoreductase subunit E","rnfE"
"D_perniger_BEC346_bin.3",35.48,3.08,"K03613","absent","methanogenesis","rnf  complex","rnfE"
"D_perniger_BEC346_bin.3",35.48,3.08,"K03614","absent","methanogenesis","rnf  complex","rnfD"
"D_perniger_BEC346_bin.3",35.48,3.08,"K03614","absent","reductive acetogenesis","Na+-translocating ferredoxin:NAD+ oxidoreductase subunit D","rnfD"
"D_perniger_BEC346_bin.3",35.48,3.08,"K03615","absent","methanogenesis","rnf  complex","rnfC"
"D_perniger_BEC346_bin.3",35.48,3.08,"K03615","absent","reductive acetogenesis","Na+-translocating ferredoxin:NAD+ oxidoreductase subunit C","rnfC"
"D_perniger_BEC346_bin.3",35.48,3.08,"K03617","absent","reductive acetogenesis","Na+-translocating ferredoxin:NAD+ oxidoreductase subunit A","rnfA"
"D_perniger_BEC346_bin.3",35.48,3.08,"K03617","absent","methanogenesis","rnf  complex","rnfA"
"D_perniger_BEC346_bin.3",35.48,3.08,"K11181","absent","sulfate reduction","dissimilatory sulfite reductase beta subunit","DsrB"
"D_perniger_BEC346_bin.3",35.48,3.08,"K11261","absent","methanogenesis","methanogenesis_via_CO2","fmdE"
"D_perniger_BEC346_bin.3",35.48,3.08,"K13788","absent","methanogenesis","methanogenesis_via_acetate","pta"
"D_perniger_BEC346_bin.3",35.48,3.08,"K14080","absent","methanogenesis","methanogenesis_via_Methanol","mtaA"
"D_perniger_BEC346_bin.3",35.48,3.08,"K14081","absent","methanogenesis","methanogenesis_via_Methanol","mtaC"
"D_perniger_BEC346_bin.3",35.48,3.08,"K14086","absent","methanogenesis","hydrogenases associated with methanogenesis","echA"
"D_perniger_BEC346_bin.3",35.48,3.08,"K14091","absent","methanogenesis","hydrogenases associated with methanogenesis","echF"
"D_perniger_BEC346_bin.3",35.48,3.08,"K16177","absent","methanogenesis","methanogenesis_via_Monomethylamine/Dimethylamine/Trimethylamine","mtmC"
"D_perniger_BEC346_bin.3",35.48,3.08,"K16178","absent","methanogenesis","methanogenesis_via_Monomethylamine/Dimethylamine/Trimethylamine","mtbB"
"D_perniger_BEC346_bin.3",35.48,3.08,"K16179","absent","methanogenesis","methanogenesis_via_Monomethylamine/Dimethylamine/Trimethylamine","mtbC"
"D_perniger_BEC346_bin.3",35.48,3.08,"K17992","present","reductive acetogenesis","NADP-reducing hydrogenase subunit HndB","hndB"
"D_perniger_BEC346_bin.3",35.48,3.08,"K18331","absent","reductive acetogenesis","NADP-reducing hydrogenase subunit HndC","hndC"
"D_perniger_BEC346_bin.3",35.48,3.08,"K18332","absent","reductive acetogenesis","NADP-reducing hydrogenase subunit HndD","hndD"
"D_perniger_BEC346_bin.3",35.48,3.08,"K22480","absent","methanogenesis","hdr flavoprotein analogs","hdrA1"
"D_perniger_BEC347_bin.1",78.9,2.52,"K00192","absent","methanogenesis","methanogenesis_via_CO2","cdhA"
"D_perniger_BEC347_bin.1",78.9,2.52,"K00193","absent","methanogenesis","methanogenesis_via_acetate","cdhC"
"D_perniger_BEC347_bin.1",78.9,2.52,"K00194","absent","reductive acetogenesis","Acetyl-CoA decarbonylase/synthase delta subunit (corrinoid iron-sulfur protein)","acsD"
"D_perniger_BEC347_bin.1",78.9,2.52,"K00194","absent","methanogenesis","methanogenesis_via_acetate","cdhD"
"D_perniger_BEC347_bin.1",78.9,2.52,"K00197","absent","reductive acetogenesis","CO-methylating acetyl-CoA synthase corrinoid iron-sulfur protein large subunit precursor","acsC"
"D_perniger_BEC347_bin.1",78.9,2.52,"K00197","absent","methanogenesis","methanogenesis_via_acetate","cdhE"
"D_perniger_BEC347_bin.1",78.9,2.52,"K00198","absent","reductive acetogenesis","Ni-dependent carbon monoxide dehydrogenase (CODH) catalytic subunit","acsA"
"D_perniger_BEC347_bin.1",78.9,2.52,"K00394","absent","sulfate reduction","adenylylsulfate reductase subunit A","AprA"
"D_perniger_BEC347_bin.1",78.9,2.52,"K00583","absent","methanogenesis","methanogenesis_via_CO2","mtrG"
"D_perniger_BEC347_bin.1",78.9,2.52,"K00925","absent","reductive acetogenesis","Acetate kinase","ack"
"D_perniger_BEC347_bin.1",78.9,2.52,"K00925","absent","methanogenesis","methanogenesis_via_acetate","ack"
"D_perniger_BEC347_bin.1",78.9,2.52,"K00958","absent","sulfate reduction","sulfate adenylyltransferase","SAT"
"D_perniger_BEC347_bin.1",78.9,2.52,"K01938","absent","reductive acetogenesis","Formate-tetrahydrofolate ligase FTHFS","fhs"
"D_perniger_BEC347_bin.1",78.9,2.52,"K02111","absent","reductive acetogenesis","F-type H+/Na+-transporting ATPase subunit alpha","atpA"
"D_perniger_BEC347_bin.1",78.9,2.52,"K03388","absent","methanogenesis","hdr flavoprotein analogs","hdrA2"
"D_perniger_BEC347_bin.1",78.9,2.52,"K03612","absent","methanogenesis","rnf  complex","rnfG"
"D_perniger_BEC347_bin.1",78.9,2.52,"K03612","absent","reductive acetogenesis","Na+-translocating ferredoxin:NAD+ oxidoreductase subunit G","rnfG"
"D_perniger_BEC347_bin.1",78.9,2.52,"K03613","absent","reductive acetogenesis","Na+-translocating ferredoxin:NAD+ oxidoreductase subunit E","rnfE"
"D_perniger_BEC347_bin.1",78.9,2.52,"K03613","absent","methanogenesis","rnf  complex","rnfE"
"D_perniger_BEC347_bin.1",78.9,2.52,"K03614","absent","methanogenesis","rnf  complex","rnfD"
"D_perniger_BEC347_bin.1",78.9,2.52,"K03614","absent","reductive acetogenesis","Na+-translocating ferredoxin:NAD+ oxidoreductase subunit D","rnfD"
"D_perniger_BEC347_bin.1",78.9,2.52,"K03615","present","methanogenesis","rnf  complex","rnfC"
"D_perniger_BEC347_bin.1",78.9,2.52,"K03615","present","reductive acetogenesis","Na+-translocating ferredoxin:NAD+ oxidoreductase subunit C","rnfC"
"D_perniger_BEC347_bin.1",78.9,2.52,"K03617","absent","reductive acetogenesis","Na+-translocating ferredoxin:NAD+ oxidoreductase subunit A","rnfA"
"D_perniger_BEC347_bin.1",78.9,2.52,"K03617","absent","methanogenesis","rnf  complex","rnfA"
"D_perniger_BEC347_bin.1",78.9,2.52,"K11181","present","sulfate reduction","dissimilatory sulfite reductase beta subunit","DsrB"
"D_perniger_BEC347_bin.1",78.9,2.52,"K11261","absent","methanogenesis","methanogenesis_via_CO2","fmdE"
"D_perniger_BEC347_bin.1",78.9,2.52,"K13788","absent","methanogenesis","methanogenesis_via_acetate","pta"
"D_perniger_BEC347_bin.1",78.9,2.52,"K14080","absent","methanogenesis","methanogenesis_via_Methanol","mtaA"
"D_perniger_BEC347_bin.1",78.9,2.52,"K14081","absent","methanogenesis","methanogenesis_via_Methanol","mtaC"
"D_perniger_BEC347_bin.1",78.9,2.52,"K14086","absent","methanogenesis","hydrogenases associated with methanogenesis","echA"
"D_perniger_BEC347_bin.1",78.9,2.52,"K14091","present","methanogenesis","hydrogenases associated with methanogenesis","echF"
"D_perniger_BEC347_bin.1",78.9,2.52,"K16177","absent","methanogenesis","methanogenesis_via_Monomethylamine/Dimethylamine/Trimethylamine","mtmC"
"D_perniger_BEC347_bin.1",78.9,2.52,"K16178","absent","methanogenesis","methanogenesis_via_Monomethylamine/Dimethylamine/Trimethylamine","mtbB"
"D_perniger_BEC347_bin.1",78.9,2.52,"K16179","absent","methanogenesis","methanogenesis_via_Monomethylamine/Dimethylamine/Trimethylamine","mtbC"
"D_perniger_BEC347_bin.1",78.9,2.52,"K17992","absent","reductive acetogenesis","NADP-reducing hydrogenase subunit HndB","hndB"
"D_perniger_BEC347_bin.1",78.9,2.52,"K18331","present","reductive acetogenesis","NADP-reducing hydrogenase subunit HndC","hndC"
"D_perniger_BEC347_bin.1",78.9,2.52,"K18332","absent","reductive acetogenesis","NADP-reducing hydrogenase subunit HndD","hndD"
"D_perniger_BEC347_bin.1",78.9,2.52,"K22480","absent","methanogenesis","hdr flavoprotein analogs","hdrA1"
"D_rubriceps_BEC348_bin.1",36.73,1.45,"K00192","present","methanogenesis","methanogenesis_via_CO2","cdhA"
"D_rubriceps_BEC348_bin.1",36.73,1.45,"K00193","absent","methanogenesis","methanogenesis_via_acetate","cdhC"
"D_rubriceps_BEC348_bin.1",36.73,1.45,"K00194","absent","reductive acetogenesis","Acetyl-CoA decarbonylase/synthase delta subunit (corrinoid iron-sulfur protein)","acsD"
"D_rubriceps_BEC348_bin.1",36.73,1.45,"K00194","absent","methanogenesis","methanogenesis_via_acetate","cdhD"
"D_rubriceps_BEC348_bin.1",36.73,1.45,"K00197","absent","reductive acetogenesis","CO-methylating acetyl-CoA synthase corrinoid iron-sulfur protein large subunit precursor","acsC"
"D_rubriceps_BEC348_bin.1",36.73,1.45,"K00197","absent","methanogenesis","methanogenesis_via_acetate","cdhE"
"D_rubriceps_BEC348_bin.1",36.73,1.45,"K00198","absent","reductive acetogenesis","Ni-dependent carbon monoxide dehydrogenase (CODH) catalytic subunit","acsA"
"D_rubriceps_BEC348_bin.1",36.73,1.45,"K00394","present","sulfate reduction","adenylylsulfate reductase subunit A","AprA"
"D_rubriceps_BEC348_bin.1",36.73,1.45,"K00583","absent","methanogenesis","methanogenesis_via_CO2","mtrG"
"D_rubriceps_BEC348_bin.1",36.73,1.45,"K00925","absent","reductive acetogenesis","Acetate kinase","ack"
"D_rubriceps_BEC348_bin.1",36.73,1.45,"K00925","absent","methanogenesis","methanogenesis_via_acetate","ack"
"D_rubriceps_BEC348_bin.1",36.73,1.45,"K00958","absent","sulfate reduction","sulfate adenylyltransferase","SAT"
"D_rubriceps_BEC348_bin.1",36.73,1.45,"K01938","absent","reductive acetogenesis","Formate-tetrahydrofolate ligase FTHFS","fhs"
"D_rubriceps_BEC348_bin.1",36.73,1.45,"K02111","absent","reductive acetogenesis","F-type H+/Na+-transporting ATPase subunit alpha","atpA"
"D_rubriceps_BEC348_bin.1",36.73,1.45,"K03388","absent","methanogenesis","hdr flavoprotein analogs","hdrA2"
"D_rubriceps_BEC348_bin.1",36.73,1.45,"K03612","absent","methanogenesis","rnf  complex","rnfG"
"D_rubriceps_BEC348_bin.1",36.73,1.45,"K03612","absent","reductive acetogenesis","Na+-translocating ferredoxin:NAD+ oxidoreductase subunit G","rnfG"
"D_rubriceps_BEC348_bin.1",36.73,1.45,"K03613","present","reductive acetogenesis","Na+-translocating ferredoxin:NAD+ oxidoreductase subunit E","rnfE"
"D_rubriceps_BEC348_bin.1",36.73,1.45,"K03613","present","methanogenesis","rnf  complex","rnfE"
"D_rubriceps_BEC348_bin.1",36.73,1.45,"K03614","absent","methanogenesis","rnf  complex","rnfD"
"D_rubriceps_BEC348_bin.1",36.73,1.45,"K03614","absent","reductive acetogenesis","Na+-translocating ferredoxin:NAD+ oxidoreductase subunit D","rnfD"
"D_rubriceps_BEC348_bin.1",36.73,1.45,"K03615","absent","methanogenesis","rnf  complex","rnfC"
"D_rubriceps_BEC348_bin.1",36.73,1.45,"K03615","absent","reductive acetogenesis","Na+-translocating ferredoxin:NAD+ oxidoreductase subunit C","rnfC"
"D_rubriceps_BEC348_bin.1",36.73,1.45,"K03617","absent","reductive acetogenesis","Na+-translocating ferredoxin:NAD+ oxidoreductase subunit A","rnfA"
"D_rubriceps_BEC348_bin.1",36.73,1.45,"K03617","absent","methanogenesis","rnf  complex","rnfA"
"D_rubriceps_BEC348_bin.1",36.73,1.45,"K11181","absent","sulfate reduction","dissimilatory sulfite reductase beta subunit","DsrB"
"D_rubriceps_BEC348_bin.1",36.73,1.45,"K11261","absent","methanogenesis","methanogenesis_via_CO2","fmdE"
"D_rubriceps_BEC348_bin.1",36.73,1.45,"K13788","absent","methanogenesis","methanogenesis_via_acetate","pta"
"D_rubriceps_BEC348_bin.1",36.73,1.45,"K14080","present","methanogenesis","methanogenesis_via_Methanol","mtaA"
"D_rubriceps_BEC348_bin.1",36.73,1.45,"K14081","absent","methanogenesis","methanogenesis_via_Methanol","mtaC"
"D_rubriceps_BEC348_bin.1",36.73,1.45,"K14086","absent","methanogenesis","hydrogenases associated with methanogenesis","echA"
"D_rubriceps_BEC348_bin.1",36.73,1.45,"K14091","absent","methanogenesis","hydrogenases associated with methanogenesis","echF"
"D_rubriceps_BEC348_bin.1",36.73,1.45,"K16177","absent","methanogenesis","methanogenesis_via_Monomethylamine/Dimethylamine/Trimethylamine","mtmC"
"D_rubriceps_BEC348_bin.1",36.73,1.45,"K16178","absent","methanogenesis","methanogenesis_via_Monomethylamine/Dimethylamine/Trimethylamine","mtbB"
"D_rubriceps_BEC348_bin.1",36.73,1.45,"K16179","absent","methanogenesis","methanogenesis_via_Monomethylamine/Dimethylamine/Trimethylamine","mtbC"
"D_rubriceps_BEC348_bin.1",36.73,1.45,"K17992","absent","reductive acetogenesis","NADP-reducing hydrogenase subunit HndB","hndB"
"D_rubriceps_BEC348_bin.1",36.73,1.45,"K18331","absent","reductive acetogenesis","NADP-reducing hydrogenase subunit HndC","hndC"
"D_rubriceps_BEC348_bin.1",36.73,1.45,"K18332","present","reductive acetogenesis","NADP-reducing hydrogenase subunit HndD","hndD"
"D_rubriceps_BEC348_bin.1",36.73,1.45,"K22480","absent","methanogenesis","hdr flavoprotein analogs","hdrA1"
"D_rubriceps_BEC349_bin.1",65.83,7.98,"K00192","absent","methanogenesis","methanogenesis_via_CO2","cdhA"
"D_rubriceps_BEC349_bin.1",65.83,7.98,"K00193","absent","methanogenesis","methanogenesis_via_acetate","cdhC"
"D_rubriceps_BEC349_bin.1",65.83,7.98,"K00194","absent","reductive acetogenesis","Acetyl-CoA decarbonylase/synthase delta subunit (corrinoid iron-sulfur protein)","acsD"
"D_rubriceps_BEC349_bin.1",65.83,7.98,"K00194","absent","methanogenesis","methanogenesis_via_acetate","cdhD"
"D_rubriceps_BEC349_bin.1",65.83,7.98,"K00197","absent","reductive acetogenesis","CO-methylating acetyl-CoA synthase corrinoid iron-sulfur protein large subunit precursor","acsC"
"D_rubriceps_BEC349_bin.1",65.83,7.98,"K00197","absent","methanogenesis","methanogenesis_via_acetate","cdhE"
"D_rubriceps_BEC349_bin.1",65.83,7.98,"K00198","absent","reductive acetogenesis","Ni-dependent carbon monoxide dehydrogenase (CODH) catalytic subunit","acsA"
"D_rubriceps_BEC349_bin.1",65.83,7.98,"K00394","present","sulfate reduction","adenylylsulfate reductase subunit A","AprA"
"D_rubriceps_BEC349_bin.1",65.83,7.98,"K00583","absent","methanogenesis","methanogenesis_via_CO2","mtrG"
"D_rubriceps_BEC349_bin.1",65.83,7.98,"K00925","absent","reductive acetogenesis","Acetate kinase","ack"
"D_rubriceps_BEC349_bin.1",65.83,7.98,"K00925","absent","methanogenesis","methanogenesis_via_acetate","ack"
"D_rubriceps_BEC349_bin.1",65.83,7.98,"K00958","absent","sulfate reduction","sulfate adenylyltransferase","SAT"
"D_rubriceps_BEC349_bin.1",65.83,7.98,"K01938","absent","reductive acetogenesis","Formate-tetrahydrofolate ligase FTHFS","fhs"
"D_rubriceps_BEC349_bin.1",65.83,7.98,"K02111","absent","reductive acetogenesis","F-type H+/Na+-transporting ATPase subunit alpha","atpA"
"D_rubriceps_BEC349_bin.1",65.83,7.98,"K03388","absent","methanogenesis","hdr flavoprotein analogs","hdrA2"
"D_rubriceps_BEC349_bin.1",65.83,7.98,"K03612","absent","methanogenesis","rnf  complex","rnfG"
"D_rubriceps_BEC349_bin.1",65.83,7.98,"K03612","absent","reductive acetogenesis","Na+-translocating ferredoxin:NAD+ oxidoreductase subunit G","rnfG"
"D_rubriceps_BEC349_bin.1",65.83,7.98,"K03613","present","reductive acetogenesis","Na+-translocating ferredoxin:NAD+ oxidoreductase subunit E","rnfE"
"D_rubriceps_BEC349_bin.1",65.83,7.98,"K03613","present","methanogenesis","rnf  complex","rnfE"
"D_rubriceps_BEC349_bin.1",65.83,7.98,"K03614","absent","methanogenesis","rnf  complex","rnfD"
"D_rubriceps_BEC349_bin.1",65.83,7.98,"K03614","absent","reductive acetogenesis","Na+-translocating ferredoxin:NAD+ oxidoreductase subunit D","rnfD"
"D_rubriceps_BEC349_bin.1",65.83,7.98,"K03615","present","methanogenesis","rnf  complex","rnfC"
"D_rubriceps_BEC349_bin.1",65.83,7.98,"K03615","present","reductive acetogenesis","Na+-translocating ferredoxin:NAD+ oxidoreductase subunit C","rnfC"
"D_rubriceps_BEC349_bin.1",65.83,7.98,"K03617","absent","reductive acetogenesis","Na+-translocating ferredoxin:NAD+ oxidoreductase subunit A","rnfA"
"D_rubriceps_BEC349_bin.1",65.83,7.98,"K03617","absent","methanogenesis","rnf  complex","rnfA"
"D_rubriceps_BEC349_bin.1",65.83,7.98,"K11181","present","sulfate reduction","dissimilatory sulfite reductase beta subunit","DsrB"
"D_rubriceps_BEC349_bin.1",65.83,7.98,"K11261","absent","methanogenesis","methanogenesis_via_CO2","fmdE"
"D_rubriceps_BEC349_bin.1",65.83,7.98,"K13788","absent","methanogenesis","methanogenesis_via_acetate","pta"
"D_rubriceps_BEC349_bin.1",65.83,7.98,"K14080","absent","methanogenesis","methanogenesis_via_Methanol","mtaA"
"D_rubriceps_BEC349_bin.1",65.83,7.98,"K14081","absent","methanogenesis","methanogenesis_via_Methanol","mtaC"
"D_rubriceps_BEC349_bin.1",65.83,7.98,"K14086","absent","methanogenesis","hydrogenases associated with methanogenesis","echA"
"D_rubriceps_BEC349_bin.1",65.83,7.98,"K14091","absent","methanogenesis","hydrogenases associated with methanogenesis","echF"
"D_rubriceps_BEC349_bin.1",65.83,7.98,"K16177","absent","methanogenesis","methanogenesis_via_Monomethylamine/Dimethylamine/Trimethylamine","mtmC"
"D_rubriceps_BEC349_bin.1",65.83,7.98,"K16178","present","methanogenesis","methanogenesis_via_Monomethylamine/Dimethylamine/Trimethylamine","mtbB"
"D_rubriceps_BEC349_bin.1",65.83,7.98,"K16179","absent","methanogenesis","methanogenesis_via_Monomethylamine/Dimethylamine/Trimethylamine","mtbC"
"D_rubriceps_BEC349_bin.1",65.83,7.98,"K17992","absent","reductive acetogenesis","NADP-reducing hydrogenase subunit HndB","hndB"
"D_rubriceps_BEC349_bin.1",65.83,7.98,"K18331","present","reductive acetogenesis","NADP-reducing hydrogenase subunit HndC","hndC"
"D_rubriceps_BEC349_bin.1",65.83,7.98,"K18332","absent","reductive acetogenesis","NADP-reducing hydrogenase subunit HndD","hndD"
"D_rubriceps_BEC349_bin.1",65.83,7.98,"K22480","absent","methanogenesis","hdr flavoprotein analogs","hdrA1"
"D_rubriceps_BEC350_bin.5",44.48,6.91,"K00192","absent","methanogenesis","methanogenesis_via_CO2","cdhA"
"D_rubriceps_BEC350_bin.5",44.48,6.91,"K00193","absent","methanogenesis","methanogenesis_via_acetate","cdhC"
"D_rubriceps_BEC350_bin.5",44.48,6.91,"K00194","absent","reductive acetogenesis","Acetyl-CoA decarbonylase/synthase delta subunit (corrinoid iron-sulfur protein)","acsD"
"D_rubriceps_BEC350_bin.5",44.48,6.91,"K00194","absent","methanogenesis","methanogenesis_via_acetate","cdhD"
"D_rubriceps_BEC350_bin.5",44.48,6.91,"K00197","absent","reductive acetogenesis","CO-methylating acetyl-CoA synthase corrinoid iron-sulfur protein large subunit precursor","acsC"
"D_rubriceps_BEC350_bin.5",44.48,6.91,"K00197","absent","methanogenesis","methanogenesis_via_acetate","cdhE"
"D_rubriceps_BEC350_bin.5",44.48,6.91,"K00198","absent","reductive acetogenesis","Ni-dependent carbon monoxide dehydrogenase (CODH) catalytic subunit","acsA"
"D_rubriceps_BEC350_bin.5",44.48,6.91,"K00394","absent","sulfate reduction","adenylylsulfate reductase subunit A","AprA"
"D_rubriceps_BEC350_bin.5",44.48,6.91,"K00583","absent","methanogenesis","methanogenesis_via_CO2","mtrG"
"D_rubriceps_BEC350_bin.5",44.48,6.91,"K00925","absent","reductive acetogenesis","Acetate kinase","ack"
"D_rubriceps_BEC350_bin.5",44.48,6.91,"K00925","absent","methanogenesis","methanogenesis_via_acetate","ack"
"D_rubriceps_BEC350_bin.5",44.48,6.91,"K00958","absent","sulfate reduction","sulfate adenylyltransferase","SAT"
"D_rubriceps_BEC350_bin.5",44.48,6.91,"K01938","absent","reductive acetogenesis","Formate-tetrahydrofolate ligase FTHFS","fhs"
"D_rubriceps_BEC350_bin.5",44.48,6.91,"K02111","absent","reductive acetogenesis","F-type H+/Na+-transporting ATPase subunit alpha","atpA"
"D_rubriceps_BEC350_bin.5",44.48,6.91,"K03388","absent","methanogenesis","hdr flavoprotein analogs","hdrA2"
"D_rubriceps_BEC350_bin.5",44.48,6.91,"K03612","absent","methanogenesis","rnf  complex","rnfG"
"D_rubriceps_BEC350_bin.5",44.48,6.91,"K03612","absent","reductive acetogenesis","Na+-translocating ferredoxin:NAD+ oxidoreductase subunit G","rnfG"
"D_rubriceps_BEC350_bin.5",44.48,6.91,"K03613","absent","reductive acetogenesis","Na+-translocating ferredoxin:NAD+ oxidoreductase subunit E","rnfE"
"D_rubriceps_BEC350_bin.5",44.48,6.91,"K03613","absent","methanogenesis","rnf  complex","rnfE"
"D_rubriceps_BEC350_bin.5",44.48,6.91,"K03614","absent","methanogenesis","rnf  complex","rnfD"
"D_rubriceps_BEC350_bin.5",44.48,6.91,"K03614","absent","reductive acetogenesis","Na+-translocating ferredoxin:NAD+ oxidoreductase subunit D","rnfD"
"D_rubriceps_BEC350_bin.5",44.48,6.91,"K03615","absent","methanogenesis","rnf  complex","rnfC"
"D_rubriceps_BEC350_bin.5",44.48,6.91,"K03615","absent","reductive acetogenesis","Na+-translocating ferredoxin:NAD+ oxidoreductase subunit C","rnfC"
"D_rubriceps_BEC350_bin.5",44.48,6.91,"K03617","present","reductive acetogenesis","Na+-translocating ferredoxin:NAD+ oxidoreductase subunit A","rnfA"
"D_rubriceps_BEC350_bin.5",44.48,6.91,"K03617","present","methanogenesis","rnf  complex","rnfA"
"D_rubriceps_BEC350_bin.5",44.48,6.91,"K11181","absent","sulfate reduction","dissimilatory sulfite reductase beta subunit","DsrB"
"D_rubriceps_BEC350_bin.5",44.48,6.91,"K11261","absent","methanogenesis","methanogenesis_via_CO2","fmdE"
"D_rubriceps_BEC350_bin.5",44.48,6.91,"K13788","absent","methanogenesis","methanogenesis_via_acetate","pta"
"D_rubriceps_BEC350_bin.5",44.48,6.91,"K14080","absent","methanogenesis","methanogenesis_via_Methanol","mtaA"
"D_rubriceps_BEC350_bin.5",44.48,6.91,"K14081","absent","methanogenesis","methanogenesis_via_Methanol","mtaC"
"D_rubriceps_BEC350_bin.5",44.48,6.91,"K14086","absent","methanogenesis","hydrogenases associated with methanogenesis","echA"
"D_rubriceps_BEC350_bin.5",44.48,6.91,"K14091","absent","methanogenesis","hydrogenases associated with methanogenesis","echF"
"D_rubriceps_BEC350_bin.5",44.48,6.91,"K16177","absent","methanogenesis","methanogenesis_via_Monomethylamine/Dimethylamine/Trimethylamine","mtmC"
"D_rubriceps_BEC350_bin.5",44.48,6.91,"K16178","absent","methanogenesis","methanogenesis_via_Monomethylamine/Dimethylamine/Trimethylamine","mtbB"
"D_rubriceps_BEC350_bin.5",44.48,6.91,"K16179","absent","methanogenesis","methanogenesis_via_Monomethylamine/Dimethylamine/Trimethylamine","mtbC"
"D_rubriceps_BEC350_bin.5",44.48,6.91,"K17992","absent","reductive acetogenesis","NADP-reducing hydrogenase subunit HndB","hndB"
"D_rubriceps_BEC350_bin.5",44.48,6.91,"K18331","absent","reductive acetogenesis","NADP-reducing hydrogenase subunit HndC","hndC"
"D_rubriceps_BEC350_bin.5",44.48,6.91,"K18332","absent","reductive acetogenesis","NADP-reducing hydrogenase subunit HndD","hndD"
"D_rubriceps_BEC350_bin.5",44.48,6.91,"K22480","absent","methanogenesis","hdr flavoprotein analogs","hdrA1"
"D_rubriceps_BEC350_bin.6",34.58,2.32,"K00192","absent","methanogenesis","methanogenesis_via_CO2","cdhA"
"D_rubriceps_BEC350_bin.6",34.58,2.32,"K00193","present","methanogenesis","methanogenesis_via_acetate","cdhC"
"D_rubriceps_BEC350_bin.6",34.58,2.32,"K00194","absent","reductive acetogenesis","Acetyl-CoA decarbonylase/synthase delta subunit (corrinoid iron-sulfur protein)","acsD"
"D_rubriceps_BEC350_bin.6",34.58,2.32,"K00194","absent","methanogenesis","methanogenesis_via_acetate","cdhD"
"D_rubriceps_BEC350_bin.6",34.58,2.32,"K00197","present","reductive acetogenesis","CO-methylating acetyl-CoA synthase corrinoid iron-sulfur protein large subunit precursor","acsC"
"D_rubriceps_BEC350_bin.6",34.58,2.32,"K00197","present","methanogenesis","methanogenesis_via_acetate","cdhE"
"D_rubriceps_BEC350_bin.6",34.58,2.32,"K00198","absent","reductive acetogenesis","Ni-dependent carbon monoxide dehydrogenase (CODH) catalytic subunit","acsA"
"D_rubriceps_BEC350_bin.6",34.58,2.32,"K00394","absent","sulfate reduction","adenylylsulfate reductase subunit A","AprA"
"D_rubriceps_BEC350_bin.6",34.58,2.32,"K00583","absent","methanogenesis","methanogenesis_via_CO2","mtrG"
"D_rubriceps_BEC350_bin.6",34.58,2.32,"K00925","absent","reductive acetogenesis","Acetate kinase","ack"
"D_rubriceps_BEC350_bin.6",34.58,2.32,"K00925","absent","methanogenesis","methanogenesis_via_acetate","ack"
"D_rubriceps_BEC350_bin.6",34.58,2.32,"K00958","absent","sulfate reduction","sulfate adenylyltransferase","SAT"
"D_rubriceps_BEC350_bin.6",34.58,2.32,"K01938","present","reductive acetogenesis","Formate-tetrahydrofolate ligase FTHFS","fhs"
"D_rubriceps_BEC350_bin.6",34.58,2.32,"K02111","absent","reductive acetogenesis","F-type H+/Na+-transporting ATPase subunit alpha","atpA"
"D_rubriceps_BEC350_bin.6",34.58,2.32,"K03388","absent","methanogenesis","hdr flavoprotein analogs","hdrA2"
"D_rubriceps_BEC350_bin.6",34.58,2.32,"K03612","present","methanogenesis","rnf  complex","rnfG"
"D_rubriceps_BEC350_bin.6",34.58,2.32,"K03612","present","reductive acetogenesis","Na+-translocating ferredoxin:NAD+ oxidoreductase subunit G","rnfG"
"D_rubriceps_BEC350_bin.6",34.58,2.32,"K03613","absent","reductive acetogenesis","Na+-translocating ferredoxin:NAD+ oxidoreductase subunit E","rnfE"
"D_rubriceps_BEC350_bin.6",34.58,2.32,"K03613","absent","methanogenesis","rnf  complex","rnfE"
"D_rubriceps_BEC350_bin.6",34.58,2.32,"K03614","absent","methanogenesis","rnf  complex","rnfD"
"D_rubriceps_BEC350_bin.6",34.58,2.32,"K03614","absent","reductive acetogenesis","Na+-translocating ferredoxin:NAD+ oxidoreductase subunit D","rnfD"
"D_rubriceps_BEC350_bin.6",34.58,2.32,"K03615","absent","methanogenesis","rnf  complex","rnfC"
"D_rubriceps_BEC350_bin.6",34.58,2.32,"K03615","absent","reductive acetogenesis","Na+-translocating ferredoxin:NAD+ oxidoreductase subunit C","rnfC"
"D_rubriceps_BEC350_bin.6",34.58,2.32,"K03617","absent","reductive acetogenesis","Na+-translocating ferredoxin:NAD+ oxidoreductase subunit A","rnfA"
"D_rubriceps_BEC350_bin.6",34.58,2.32,"K03617","absent","methanogenesis","rnf  complex","rnfA"
"D_rubriceps_BEC350_bin.6",34.58,2.32,"K11181","absent","sulfate reduction","dissimilatory sulfite reductase beta subunit","DsrB"
"D_rubriceps_BEC350_bin.6",34.58,2.32,"K11261","absent","methanogenesis","methanogenesis_via_CO2","fmdE"
"D_rubriceps_BEC350_bin.6",34.58,2.32,"K13788","absent","methanogenesis","methanogenesis_via_acetate","pta"
"D_rubriceps_BEC350_bin.6",34.58,2.32,"K14080","absent","methanogenesis","methanogenesis_via_Methanol","mtaA"
"D_rubriceps_BEC350_bin.6",34.58,2.32,"K14081","absent","methanogenesis","methanogenesis_via_Methanol","mtaC"
"D_rubriceps_BEC350_bin.6",34.58,2.32,"K14086","absent","methanogenesis","hydrogenases associated with methanogenesis","echA"
"D_rubriceps_BEC350_bin.6",34.58,2.32,"K14091","absent","methanogenesis","hydrogenases associated with methanogenesis","echF"
"D_rubriceps_BEC350_bin.6",34.58,2.32,"K16177","absent","methanogenesis","methanogenesis_via_Monomethylamine/Dimethylamine/Trimethylamine","mtmC"
"D_rubriceps_BEC350_bin.6",34.58,2.32,"K16178","absent","methanogenesis","methanogenesis_via_Monomethylamine/Dimethylamine/Trimethylamine","mtbB"
"D_rubriceps_BEC350_bin.6",34.58,2.32,"K16179","absent","methanogenesis","methanogenesis_via_Monomethylamine/Dimethylamine/Trimethylamine","mtbC"
"D_rubriceps_BEC350_bin.6",34.58,2.32,"K17992","present","reductive acetogenesis","NADP-reducing hydrogenase subunit HndB","hndB"
"D_rubriceps_BEC350_bin.6",34.58,2.32,"K18331","present","reductive acetogenesis","NADP-reducing hydrogenase subunit HndC","hndC"
"D_rubriceps_BEC350_bin.6",34.58,2.32,"K18332","absent","reductive acetogenesis","NADP-reducing hydrogenase subunit HndD","hndD"
"D_rubriceps_BEC350_bin.6",34.58,2.32,"K22480","absent","methanogenesis","hdr flavoprotein analogs","hdrA1"
"D_rubriceps_BEC350_bin.7",73.96,5.78,"K00192","absent","methanogenesis","methanogenesis_via_CO2","cdhA"
"D_rubriceps_BEC350_bin.7",73.96,5.78,"K00193","absent","methanogenesis","methanogenesis_via_acetate","cdhC"
"D_rubriceps_BEC350_bin.7",73.96,5.78,"K00194","absent","reductive acetogenesis","Acetyl-CoA decarbonylase/synthase delta subunit (corrinoid iron-sulfur protein)","acsD"
"D_rubriceps_BEC350_bin.7",73.96,5.78,"K00194","absent","methanogenesis","methanogenesis_via_acetate","cdhD"
"D_rubriceps_BEC350_bin.7",73.96,5.78,"K00197","absent","reductive acetogenesis","CO-methylating acetyl-CoA synthase corrinoid iron-sulfur protein large subunit precursor","acsC"
"D_rubriceps_BEC350_bin.7",73.96,5.78,"K00197","absent","methanogenesis","methanogenesis_via_acetate","cdhE"
"D_rubriceps_BEC350_bin.7",73.96,5.78,"K00198","absent","reductive acetogenesis","Ni-dependent carbon monoxide dehydrogenase (CODH) catalytic subunit","acsA"
"D_rubriceps_BEC350_bin.7",73.96,5.78,"K00394","absent","sulfate reduction","adenylylsulfate reductase subunit A","AprA"
"D_rubriceps_BEC350_bin.7",73.96,5.78,"K00583","absent","methanogenesis","methanogenesis_via_CO2","mtrG"
"D_rubriceps_BEC350_bin.7",73.96,5.78,"K00925","present","reductive acetogenesis","Acetate kinase","ack"
"D_rubriceps_BEC350_bin.7",73.96,5.78,"K00925","present","methanogenesis","methanogenesis_via_acetate","ack"
"D_rubriceps_BEC350_bin.7",73.96,5.78,"K00958","absent","sulfate reduction","sulfate adenylyltransferase","SAT"
"D_rubriceps_BEC350_bin.7",73.96,5.78,"K01938","present","reductive acetogenesis","Formate-tetrahydrofolate ligase FTHFS","fhs"
"D_rubriceps_BEC350_bin.7",73.96,5.78,"K02111","present","reductive acetogenesis","F-type H+/Na+-transporting ATPase subunit alpha","atpA"
"D_rubriceps_BEC350_bin.7",73.96,5.78,"K03388","absent","methanogenesis","hdr flavoprotein analogs","hdrA2"
"D_rubriceps_BEC350_bin.7",73.96,5.78,"K03612","present","methanogenesis","rnf  complex","rnfG"
"D_rubriceps_BEC350_bin.7",73.96,5.78,"K03612","present","reductive acetogenesis","Na+-translocating ferredoxin:NAD+ oxidoreductase subunit G","rnfG"
"D_rubriceps_BEC350_bin.7",73.96,5.78,"K03613","present","reductive acetogenesis","Na+-translocating ferredoxin:NAD+ oxidoreductase subunit E","rnfE"
"D_rubriceps_BEC350_bin.7",73.96,5.78,"K03613","present","methanogenesis","rnf  complex","rnfE"
"D_rubriceps_BEC350_bin.7",73.96,5.78,"K03614","present","methanogenesis","rnf  complex","rnfD"
"D_rubriceps_BEC350_bin.7",73.96,5.78,"K03614","present","reductive acetogenesis","Na+-translocating ferredoxin:NAD+ oxidoreductase subunit D","rnfD"
"D_rubriceps_BEC350_bin.7",73.96,5.78,"K03615","present","methanogenesis","rnf  complex","rnfC"
"D_rubriceps_BEC350_bin.7",73.96,5.78,"K03615","present","reductive acetogenesis","Na+-translocating ferredoxin:NAD+ oxidoreductase subunit C","rnfC"
"D_rubriceps_BEC350_bin.7",73.96,5.78,"K03617","present","reductive acetogenesis","Na+-translocating ferredoxin:NAD+ oxidoreductase subunit A","rnfA"
"D_rubriceps_BEC350_bin.7",73.96,5.78,"K03617","present","methanogenesis","rnf  complex","rnfA"
"D_rubriceps_BEC350_bin.7",73.96,5.78,"K11181","absent","sulfate reduction","dissimilatory sulfite reductase beta subunit","DsrB"
"D_rubriceps_BEC350_bin.7",73.96,5.78,"K11261","absent","methanogenesis","methanogenesis_via_CO2","fmdE"
"D_rubriceps_BEC350_bin.7",73.96,5.78,"K13788","absent","methanogenesis","methanogenesis_via_acetate","pta"
"D_rubriceps_BEC350_bin.7",73.96,5.78,"K14080","absent","methanogenesis","methanogenesis_via_Methanol","mtaA"
"D_rubriceps_BEC350_bin.7",73.96,5.78,"K14081","absent","methanogenesis","methanogenesis_via_Methanol","mtaC"
"D_rubriceps_BEC350_bin.7",73.96,5.78,"K14086","present","methanogenesis","hydrogenases associated with methanogenesis","echA"
"D_rubriceps_BEC350_bin.7",73.96,5.78,"K14091","absent","methanogenesis","hydrogenases associated with methanogenesis","echF"
"D_rubriceps_BEC350_bin.7",73.96,5.78,"K16177","absent","methanogenesis","methanogenesis_via_Monomethylamine/Dimethylamine/Trimethylamine","mtmC"
"D_rubriceps_BEC350_bin.7",73.96,5.78,"K16178","absent","methanogenesis","methanogenesis_via_Monomethylamine/Dimethylamine/Trimethylamine","mtbB"
"D_rubriceps_BEC350_bin.7",73.96,5.78,"K16179","absent","methanogenesis","methanogenesis_via_Monomethylamine/Dimethylamine/Trimethylamine","mtbC"
"D_rubriceps_BEC350_bin.7",73.96,5.78,"K17992","present","reductive acetogenesis","NADP-reducing hydrogenase subunit HndB","hndB"
"D_rubriceps_BEC350_bin.7",73.96,5.78,"K18331","absent","reductive acetogenesis","NADP-reducing hydrogenase subunit HndC","hndC"
"D_rubriceps_BEC350_bin.7",73.96,5.78,"K18332","present","reductive acetogenesis","NADP-reducing hydrogenase subunit HndD","hndD"
"D_rubriceps_BEC350_bin.7",73.96,5.78,"K22480","absent","methanogenesis","hdr flavoprotein analogs","hdrA1"
"D_rubriceps_BEC350_bin.8",75.66,7.18,"K00192","absent","methanogenesis","methanogenesis_via_CO2","cdhA"
"D_rubriceps_BEC350_bin.8",75.66,7.18,"K00193","absent","methanogenesis","methanogenesis_via_acetate","cdhC"
"D_rubriceps_BEC350_bin.8",75.66,7.18,"K00194","absent","reductive acetogenesis","Acetyl-CoA decarbonylase/synthase delta subunit (corrinoid iron-sulfur protein)","acsD"
"D_rubriceps_BEC350_bin.8",75.66,7.18,"K00194","absent","methanogenesis","methanogenesis_via_acetate","cdhD"
"D_rubriceps_BEC350_bin.8",75.66,7.18,"K00197","absent","reductive acetogenesis","CO-methylating acetyl-CoA synthase corrinoid iron-sulfur protein large subunit precursor","acsC"
"D_rubriceps_BEC350_bin.8",75.66,7.18,"K00197","absent","methanogenesis","methanogenesis_via_acetate","cdhE"
"D_rubriceps_BEC350_bin.8",75.66,7.18,"K00198","absent","reductive acetogenesis","Ni-dependent carbon monoxide dehydrogenase (CODH) catalytic subunit","acsA"
"D_rubriceps_BEC350_bin.8",75.66,7.18,"K00394","absent","sulfate reduction","adenylylsulfate reductase subunit A","AprA"
"D_rubriceps_BEC350_bin.8",75.66,7.18,"K00583","present","methanogenesis","methanogenesis_via_CO2","mtrG"
"D_rubriceps_BEC350_bin.8",75.66,7.18,"K00925","present","reductive acetogenesis","Acetate kinase","ack"
"D_rubriceps_BEC350_bin.8",75.66,7.18,"K00925","present","methanogenesis","methanogenesis_via_acetate","ack"
"D_rubriceps_BEC350_bin.8",75.66,7.18,"K00958","absent","sulfate reduction","sulfate adenylyltransferase","SAT"
"D_rubriceps_BEC350_bin.8",75.66,7.18,"K01938","absent","reductive acetogenesis","Formate-tetrahydrofolate ligase FTHFS","fhs"
"D_rubriceps_BEC350_bin.8",75.66,7.18,"K02111","present","reductive acetogenesis","F-type H+/Na+-transporting ATPase subunit alpha","atpA"
"D_rubriceps_BEC350_bin.8",75.66,7.18,"K03388","absent","methanogenesis","hdr flavoprotein analogs","hdrA2"
"D_rubriceps_BEC350_bin.8",75.66,7.18,"K03612","present","methanogenesis","rnf  complex","rnfG"
"D_rubriceps_BEC350_bin.8",75.66,7.18,"K03612","present","reductive acetogenesis","Na+-translocating ferredoxin:NAD+ oxidoreductase subunit G","rnfG"
"D_rubriceps_BEC350_bin.8",75.66,7.18,"K03613","absent","reductive acetogenesis","Na+-translocating ferredoxin:NAD+ oxidoreductase subunit E","rnfE"
"D_rubriceps_BEC350_bin.8",75.66,7.18,"K03613","absent","methanogenesis","rnf  complex","rnfE"
"D_rubriceps_BEC350_bin.8",75.66,7.18,"K03614","absent","methanogenesis","rnf  complex","rnfD"
"D_rubriceps_BEC350_bin.8",75.66,7.18,"K03614","absent","reductive acetogenesis","Na+-translocating ferredoxin:NAD+ oxidoreductase subunit D","rnfD"
"D_rubriceps_BEC350_bin.8",75.66,7.18,"K03615","present","methanogenesis","rnf  complex","rnfC"
"D_rubriceps_BEC350_bin.8",75.66,7.18,"K03615","present","reductive acetogenesis","Na+-translocating ferredoxin:NAD+ oxidoreductase subunit C","rnfC"
"D_rubriceps_BEC350_bin.8",75.66,7.18,"K03617","absent","reductive acetogenesis","Na+-translocating ferredoxin:NAD+ oxidoreductase subunit A","rnfA"
"D_rubriceps_BEC350_bin.8",75.66,7.18,"K03617","absent","methanogenesis","rnf  complex","rnfA"
"D_rubriceps_BEC350_bin.8",75.66,7.18,"K11181","absent","sulfate reduction","dissimilatory sulfite reductase beta subunit","DsrB"
"D_rubriceps_BEC350_bin.8",75.66,7.18,"K11261","absent","methanogenesis","methanogenesis_via_CO2","fmdE"
"D_rubriceps_BEC350_bin.8",75.66,7.18,"K13788","absent","methanogenesis","methanogenesis_via_acetate","pta"
"D_rubriceps_BEC350_bin.8",75.66,7.18,"K14080","absent","methanogenesis","methanogenesis_via_Methanol","mtaA"
"D_rubriceps_BEC350_bin.8",75.66,7.18,"K14081","absent","methanogenesis","methanogenesis_via_Methanol","mtaC"
"D_rubriceps_BEC350_bin.8",75.66,7.18,"K14086","present","methanogenesis","hydrogenases associated with methanogenesis","echA"
"D_rubriceps_BEC350_bin.8",75.66,7.18,"K14091","absent","methanogenesis","hydrogenases associated with methanogenesis","echF"
"D_rubriceps_BEC350_bin.8",75.66,7.18,"K16177","absent","methanogenesis","methanogenesis_via_Monomethylamine/Dimethylamine/Trimethylamine","mtmC"
"D_rubriceps_BEC350_bin.8",75.66,7.18,"K16178","absent","methanogenesis","methanogenesis_via_Monomethylamine/Dimethylamine/Trimethylamine","mtbB"
"D_rubriceps_BEC350_bin.8",75.66,7.18,"K16179","absent","methanogenesis","methanogenesis_via_Monomethylamine/Dimethylamine/Trimethylamine","mtbC"
"D_rubriceps_BEC350_bin.8",75.66,7.18,"K17992","present","reductive acetogenesis","NADP-reducing hydrogenase subunit HndB","hndB"
"D_rubriceps_BEC350_bin.8",75.66,7.18,"K18331","absent","reductive acetogenesis","NADP-reducing hydrogenase subunit HndC","hndC"
"D_rubriceps_BEC350_bin.8",75.66,7.18,"K18332","absent","reductive acetogenesis","NADP-reducing hydrogenase subunit HndD","hndD"
"D_rubriceps_BEC350_bin.8",75.66,7.18,"K22480","absent","methanogenesis","hdr flavoprotein analogs","hdrA1"
"D_tamminensis_BEC324_bin.1",73.11,3.79,"K00192","absent","methanogenesis","methanogenesis_via_CO2","cdhA"
"D_tamminensis_BEC324_bin.1",73.11,3.79,"K00193","absent","methanogenesis","methanogenesis_via_acetate","cdhC"
"D_tamminensis_BEC324_bin.1",73.11,3.79,"K00194","absent","reductive acetogenesis","Acetyl-CoA decarbonylase/synthase delta subunit (corrinoid iron-sulfur protein)","acsD"
"D_tamminensis_BEC324_bin.1",73.11,3.79,"K00194","absent","methanogenesis","methanogenesis_via_acetate","cdhD"
"D_tamminensis_BEC324_bin.1",73.11,3.79,"K00197","absent","reductive acetogenesis","CO-methylating acetyl-CoA synthase corrinoid iron-sulfur protein large subunit precursor","acsC"
"D_tamminensis_BEC324_bin.1",73.11,3.79,"K00197","absent","methanogenesis","methanogenesis_via_acetate","cdhE"
"D_tamminensis_BEC324_bin.1",73.11,3.79,"K00198","absent","reductive acetogenesis","Ni-dependent carbon monoxide dehydrogenase (CODH) catalytic subunit","acsA"
"D_tamminensis_BEC324_bin.1",73.11,3.79,"K00394","absent","sulfate reduction","adenylylsulfate reductase subunit A","AprA"
"D_tamminensis_BEC324_bin.1",73.11,3.79,"K00583","absent","methanogenesis","methanogenesis_via_CO2","mtrG"
"D_tamminensis_BEC324_bin.1",73.11,3.79,"K00925","absent","reductive acetogenesis","Acetate kinase","ack"
"D_tamminensis_BEC324_bin.1",73.11,3.79,"K00925","absent","methanogenesis","methanogenesis_via_acetate","ack"
"D_tamminensis_BEC324_bin.1",73.11,3.79,"K00958","absent","sulfate reduction","sulfate adenylyltransferase","SAT"
"D_tamminensis_BEC324_bin.1",73.11,3.79,"K01938","present","reductive acetogenesis","Formate-tetrahydrofolate ligase FTHFS","fhs"
"D_tamminensis_BEC324_bin.1",73.11,3.79,"K02111","absent","reductive acetogenesis","F-type H+/Na+-transporting ATPase subunit alpha","atpA"
"D_tamminensis_BEC324_bin.1",73.11,3.79,"K03388","absent","methanogenesis","hdr flavoprotein analogs","hdrA2"
"D_tamminensis_BEC324_bin.1",73.11,3.79,"K03612","absent","methanogenesis","rnf  complex","rnfG"
"D_tamminensis_BEC324_bin.1",73.11,3.79,"K03612","absent","reductive acetogenesis","Na+-translocating ferredoxin:NAD+ oxidoreductase subunit G","rnfG"
"D_tamminensis_BEC324_bin.1",73.11,3.79,"K03613","present","reductive acetogenesis","Na+-translocating ferredoxin:NAD+ oxidoreductase subunit E","rnfE"
"D_tamminensis_BEC324_bin.1",73.11,3.79,"K03613","present","methanogenesis","rnf  complex","rnfE"
"D_tamminensis_BEC324_bin.1",73.11,3.79,"K03614","absent","methanogenesis","rnf  complex","rnfD"
"D_tamminensis_BEC324_bin.1",73.11,3.79,"K03614","absent","reductive acetogenesis","Na+-translocating ferredoxin:NAD+ oxidoreductase subunit D","rnfD"
"D_tamminensis_BEC324_bin.1",73.11,3.79,"K03615","absent","methanogenesis","rnf  complex","rnfC"
"D_tamminensis_BEC324_bin.1",73.11,3.79,"K03615","absent","reductive acetogenesis","Na+-translocating ferredoxin:NAD+ oxidoreductase subunit C","rnfC"
"D_tamminensis_BEC324_bin.1",73.11,3.79,"K03617","absent","reductive acetogenesis","Na+-translocating ferredoxin:NAD+ oxidoreductase subunit A","rnfA"
"D_tamminensis_BEC324_bin.1",73.11,3.79,"K03617","absent","methanogenesis","rnf  complex","rnfA"
"D_tamminensis_BEC324_bin.1",73.11,3.79,"K11181","absent","sulfate reduction","dissimilatory sulfite reductase beta subunit","DsrB"
"D_tamminensis_BEC324_bin.1",73.11,3.79,"K11261","absent","methanogenesis","methanogenesis_via_CO2","fmdE"
"D_tamminensis_BEC324_bin.1",73.11,3.79,"K13788","present","methanogenesis","methanogenesis_via_acetate","pta"
"D_tamminensis_BEC324_bin.1",73.11,3.79,"K14080","absent","methanogenesis","methanogenesis_via_Methanol","mtaA"
"D_tamminensis_BEC324_bin.1",73.11,3.79,"K14081","absent","methanogenesis","methanogenesis_via_Methanol","mtaC"
"D_tamminensis_BEC324_bin.1",73.11,3.79,"K14086","absent","methanogenesis","hydrogenases associated with methanogenesis","echA"
"D_tamminensis_BEC324_bin.1",73.11,3.79,"K14091","absent","methanogenesis","hydrogenases associated with methanogenesis","echF"
"D_tamminensis_BEC324_bin.1",73.11,3.79,"K16177","absent","methanogenesis","methanogenesis_via_Monomethylamine/Dimethylamine/Trimethylamine","mtmC"
"D_tamminensis_BEC324_bin.1",73.11,3.79,"K16178","absent","methanogenesis","methanogenesis_via_Monomethylamine/Dimethylamine/Trimethylamine","mtbB"
"D_tamminensis_BEC324_bin.1",73.11,3.79,"K16179","absent","methanogenesis","methanogenesis_via_Monomethylamine/Dimethylamine/Trimethylamine","mtbC"
"D_tamminensis_BEC324_bin.1",73.11,3.79,"K17992","absent","reductive acetogenesis","NADP-reducing hydrogenase subunit HndB","hndB"
"D_tamminensis_BEC324_bin.1",73.11,3.79,"K18331","absent","reductive acetogenesis","NADP-reducing hydrogenase subunit HndC","hndC"
"D_tamminensis_BEC324_bin.1",73.11,3.79,"K18332","absent","reductive acetogenesis","NADP-reducing hydrogenase subunit HndD","hndD"
"D_tamminensis_BEC324_bin.1",73.11,3.79,"K22480","absent","methanogenesis","hdr flavoprotein analogs","hdrA1"
"D_tamminensis_BEC324_bin.2",32.56,1.39,"K00192","present","methanogenesis","methanogenesis_via_CO2","cdhA"
"D_tamminensis_BEC324_bin.2",32.56,1.39,"K00193","absent","methanogenesis","methanogenesis_via_acetate","cdhC"
"D_tamminensis_BEC324_bin.2",32.56,1.39,"K00194","absent","reductive acetogenesis","Acetyl-CoA decarbonylase/synthase delta subunit (corrinoid iron-sulfur protein)","acsD"
"D_tamminensis_BEC324_bin.2",32.56,1.39,"K00194","absent","methanogenesis","methanogenesis_via_acetate","cdhD"
"D_tamminensis_BEC324_bin.2",32.56,1.39,"K00197","absent","reductive acetogenesis","CO-methylating acetyl-CoA synthase corrinoid iron-sulfur protein large subunit precursor","acsC"
"D_tamminensis_BEC324_bin.2",32.56,1.39,"K00197","absent","methanogenesis","methanogenesis_via_acetate","cdhE"
"D_tamminensis_BEC324_bin.2",32.56,1.39,"K00198","absent","reductive acetogenesis","Ni-dependent carbon monoxide dehydrogenase (CODH) catalytic subunit","acsA"
"D_tamminensis_BEC324_bin.2",32.56,1.39,"K00394","absent","sulfate reduction","adenylylsulfate reductase subunit A","AprA"
"D_tamminensis_BEC324_bin.2",32.56,1.39,"K00583","absent","methanogenesis","methanogenesis_via_CO2","mtrG"
"D_tamminensis_BEC324_bin.2",32.56,1.39,"K00925","absent","reductive acetogenesis","Acetate kinase","ack"
"D_tamminensis_BEC324_bin.2",32.56,1.39,"K00925","absent","methanogenesis","methanogenesis_via_acetate","ack"
"D_tamminensis_BEC324_bin.2",32.56,1.39,"K00958","absent","sulfate reduction","sulfate adenylyltransferase","SAT"
"D_tamminensis_BEC324_bin.2",32.56,1.39,"K01938","absent","reductive acetogenesis","Formate-tetrahydrofolate ligase FTHFS","fhs"
"D_tamminensis_BEC324_bin.2",32.56,1.39,"K02111","absent","reductive acetogenesis","F-type H+/Na+-transporting ATPase subunit alpha","atpA"
"D_tamminensis_BEC324_bin.2",32.56,1.39,"K03388","absent","methanogenesis","hdr flavoprotein analogs","hdrA2"
"D_tamminensis_BEC324_bin.2",32.56,1.39,"K03612","absent","methanogenesis","rnf  complex","rnfG"
"D_tamminensis_BEC324_bin.2",32.56,1.39,"K03612","absent","reductive acetogenesis","Na+-translocating ferredoxin:NAD+ oxidoreductase subunit G","rnfG"
"D_tamminensis_BEC324_bin.2",32.56,1.39,"K03613","absent","reductive acetogenesis","Na+-translocating ferredoxin:NAD+ oxidoreductase subunit E","rnfE"
"D_tamminensis_BEC324_bin.2",32.56,1.39,"K03613","absent","methanogenesis","rnf  complex","rnfE"
"D_tamminensis_BEC324_bin.2",32.56,1.39,"K03614","absent","methanogenesis","rnf  complex","rnfD"
"D_tamminensis_BEC324_bin.2",32.56,1.39,"K03614","absent","reductive acetogenesis","Na+-translocating ferredoxin:NAD+ oxidoreductase subunit D","rnfD"
"D_tamminensis_BEC324_bin.2",32.56,1.39,"K03615","absent","methanogenesis","rnf  complex","rnfC"
"D_tamminensis_BEC324_bin.2",32.56,1.39,"K03615","absent","reductive acetogenesis","Na+-translocating ferredoxin:NAD+ oxidoreductase subunit C","rnfC"
"D_tamminensis_BEC324_bin.2",32.56,1.39,"K03617","absent","reductive acetogenesis","Na+-translocating ferredoxin:NAD+ oxidoreductase subunit A","rnfA"
"D_tamminensis_BEC324_bin.2",32.56,1.39,"K03617","absent","methanogenesis","rnf  complex","rnfA"
"D_tamminensis_BEC324_bin.2",32.56,1.39,"K11181","absent","sulfate reduction","dissimilatory sulfite reductase beta subunit","DsrB"
"D_tamminensis_BEC324_bin.2",32.56,1.39,"K11261","absent","methanogenesis","methanogenesis_via_CO2","fmdE"
"D_tamminensis_BEC324_bin.2",32.56,1.39,"K13788","absent","methanogenesis","methanogenesis_via_acetate","pta"
"D_tamminensis_BEC324_bin.2",32.56,1.39,"K14080","absent","methanogenesis","methanogenesis_via_Methanol","mtaA"
"D_tamminensis_BEC324_bin.2",32.56,1.39,"K14081","absent","methanogenesis","methanogenesis_via_Methanol","mtaC"
"D_tamminensis_BEC324_bin.2",32.56,1.39,"K14086","absent","methanogenesis","hydrogenases associated with methanogenesis","echA"
"D_tamminensis_BEC324_bin.2",32.56,1.39,"K14091","absent","methanogenesis","hydrogenases associated with methanogenesis","echF"
"D_tamminensis_BEC324_bin.2",32.56,1.39,"K16177","absent","methanogenesis","methanogenesis_via_Monomethylamine/Dimethylamine/Trimethylamine","mtmC"
"D_tamminensis_BEC324_bin.2",32.56,1.39,"K16178","absent","methanogenesis","methanogenesis_via_Monomethylamine/Dimethylamine/Trimethylamine","mtbB"
"D_tamminensis_BEC324_bin.2",32.56,1.39,"K16179","absent","methanogenesis","methanogenesis_via_Monomethylamine/Dimethylamine/Trimethylamine","mtbC"
"D_tamminensis_BEC324_bin.2",32.56,1.39,"K17992","absent","reductive acetogenesis","NADP-reducing hydrogenase subunit HndB","hndB"
"D_tamminensis_BEC324_bin.2",32.56,1.39,"K18331","absent","reductive acetogenesis","NADP-reducing hydrogenase subunit HndC","hndC"
"D_tamminensis_BEC324_bin.2",32.56,1.39,"K18332","absent","reductive acetogenesis","NADP-reducing hydrogenase subunit HndD","hndD"
"D_tamminensis_BEC324_bin.2",32.56,1.39,"K22480","absent","methanogenesis","hdr flavoprotein analogs","hdrA1"
"D_tamminensis_BEC324_bin.3",92.86,2.81,"K00192","absent","methanogenesis","methanogenesis_via_CO2","cdhA"
"D_tamminensis_BEC324_bin.3",92.86,2.81,"K00193","present","methanogenesis","methanogenesis_via_acetate","cdhC"
"D_tamminensis_BEC324_bin.3",92.86,2.81,"K00194","absent","reductive acetogenesis","Acetyl-CoA decarbonylase/synthase delta subunit (corrinoid iron-sulfur protein)","acsD"
"D_tamminensis_BEC324_bin.3",92.86,2.81,"K00194","absent","methanogenesis","methanogenesis_via_acetate","cdhD"
"D_tamminensis_BEC324_bin.3",92.86,2.81,"K00197","present","reductive acetogenesis","CO-methylating acetyl-CoA synthase corrinoid iron-sulfur protein large subunit precursor","acsC"
"D_tamminensis_BEC324_bin.3",92.86,2.81,"K00197","present","methanogenesis","methanogenesis_via_acetate","cdhE"
"D_tamminensis_BEC324_bin.3",92.86,2.81,"K00198","absent","reductive acetogenesis","Ni-dependent carbon monoxide dehydrogenase (CODH) catalytic subunit","acsA"
"D_tamminensis_BEC324_bin.3",92.86,2.81,"K00394","absent","sulfate reduction","adenylylsulfate reductase subunit A","AprA"
"D_tamminensis_BEC324_bin.3",92.86,2.81,"K00583","absent","methanogenesis","methanogenesis_via_CO2","mtrG"
"D_tamminensis_BEC324_bin.3",92.86,2.81,"K00925","present","reductive acetogenesis","Acetate kinase","ack"
"D_tamminensis_BEC324_bin.3",92.86,2.81,"K00925","present","methanogenesis","methanogenesis_via_acetate","ack"
"D_tamminensis_BEC324_bin.3",92.86,2.81,"K00958","absent","sulfate reduction","sulfate adenylyltransferase","SAT"
"D_tamminensis_BEC324_bin.3",92.86,2.81,"K01938","absent","reductive acetogenesis","Formate-tetrahydrofolate ligase FTHFS","fhs"
"D_tamminensis_BEC324_bin.3",92.86,2.81,"K02111","present","reductive acetogenesis","F-type H+/Na+-transporting ATPase subunit alpha","atpA"
"D_tamminensis_BEC324_bin.3",92.86,2.81,"K03388","absent","methanogenesis","hdr flavoprotein analogs","hdrA2"
"D_tamminensis_BEC324_bin.3",92.86,2.81,"K03612","absent","methanogenesis","rnf  complex","rnfG"
"D_tamminensis_BEC324_bin.3",92.86,2.81,"K03612","absent","reductive acetogenesis","Na+-translocating ferredoxin:NAD+ oxidoreductase subunit G","rnfG"
"D_tamminensis_BEC324_bin.3",92.86,2.81,"K03613","present","reductive acetogenesis","Na+-translocating ferredoxin:NAD+ oxidoreductase subunit E","rnfE"
"D_tamminensis_BEC324_bin.3",92.86,2.81,"K03613","present","methanogenesis","rnf  complex","rnfE"
"D_tamminensis_BEC324_bin.3",92.86,2.81,"K03614","present","methanogenesis","rnf  complex","rnfD"
"D_tamminensis_BEC324_bin.3",92.86,2.81,"K03614","present","reductive acetogenesis","Na+-translocating ferredoxin:NAD+ oxidoreductase subunit D","rnfD"
"D_tamminensis_BEC324_bin.3",92.86,2.81,"K03615","absent","methanogenesis","rnf  complex","rnfC"
"D_tamminensis_BEC324_bin.3",92.86,2.81,"K03615","absent","reductive acetogenesis","Na+-translocating ferredoxin:NAD+ oxidoreductase subunit C","rnfC"
"D_tamminensis_BEC324_bin.3",92.86,2.81,"K03617","absent","reductive acetogenesis","Na+-translocating ferredoxin:NAD+ oxidoreductase subunit A","rnfA"
"D_tamminensis_BEC324_bin.3",92.86,2.81,"K03617","absent","methanogenesis","rnf  complex","rnfA"
"D_tamminensis_BEC324_bin.3",92.86,2.81,"K11181","absent","sulfate reduction","dissimilatory sulfite reductase beta subunit","DsrB"
"D_tamminensis_BEC324_bin.3",92.86,2.81,"K11261","present","methanogenesis","methanogenesis_via_CO2","fmdE"
"D_tamminensis_BEC324_bin.3",92.86,2.81,"K13788","absent","methanogenesis","methanogenesis_via_acetate","pta"
"D_tamminensis_BEC324_bin.3",92.86,2.81,"K14080","present","methanogenesis","methanogenesis_via_Methanol","mtaA"
"D_tamminensis_BEC324_bin.3",92.86,2.81,"K14081","present","methanogenesis","methanogenesis_via_Methanol","mtaC"
"D_tamminensis_BEC324_bin.3",92.86,2.81,"K14086","absent","methanogenesis","hydrogenases associated with methanogenesis","echA"
"D_tamminensis_BEC324_bin.3",92.86,2.81,"K14091","absent","methanogenesis","hydrogenases associated with methanogenesis","echF"
"D_tamminensis_BEC324_bin.3",92.86,2.81,"K16177","absent","methanogenesis","methanogenesis_via_Monomethylamine/Dimethylamine/Trimethylamine","mtmC"
"D_tamminensis_BEC324_bin.3",92.86,2.81,"K16178","absent","methanogenesis","methanogenesis_via_Monomethylamine/Dimethylamine/Trimethylamine","mtbB"
"D_tamminensis_BEC324_bin.3",92.86,2.81,"K16179","absent","methanogenesis","methanogenesis_via_Monomethylamine/Dimethylamine/Trimethylamine","mtbC"
"D_tamminensis_BEC324_bin.3",92.86,2.81,"K17992","absent","reductive acetogenesis","NADP-reducing hydrogenase subunit HndB","hndB"
"D_tamminensis_BEC324_bin.3",92.86,2.81,"K18331","present","reductive acetogenesis","NADP-reducing hydrogenase subunit HndC","hndC"
"D_tamminensis_BEC324_bin.3",92.86,2.81,"K18332","absent","reductive acetogenesis","NADP-reducing hydrogenase subunit HndD","hndD"
"D_tamminensis_BEC324_bin.3",92.86,2.81,"K22480","present","methanogenesis","hdr flavoprotein analogs","hdrA1"
"D_tamminensis_BEC324_bin.8",67.27,3.14,"K00192","absent","methanogenesis","methanogenesis_via_CO2","cdhA"
"D_tamminensis_BEC324_bin.8",67.27,3.14,"K00193","absent","methanogenesis","methanogenesis_via_acetate","cdhC"
"D_tamminensis_BEC324_bin.8",67.27,3.14,"K00194","absent","reductive acetogenesis","Acetyl-CoA decarbonylase/synthase delta subunit (corrinoid iron-sulfur protein)","acsD"
"D_tamminensis_BEC324_bin.8",67.27,3.14,"K00194","absent","methanogenesis","methanogenesis_via_acetate","cdhD"
"D_tamminensis_BEC324_bin.8",67.27,3.14,"K00197","absent","reductive acetogenesis","CO-methylating acetyl-CoA synthase corrinoid iron-sulfur protein large subunit precursor","acsC"
"D_tamminensis_BEC324_bin.8",67.27,3.14,"K00197","absent","methanogenesis","methanogenesis_via_acetate","cdhE"
"D_tamminensis_BEC324_bin.8",67.27,3.14,"K00198","absent","reductive acetogenesis","Ni-dependent carbon monoxide dehydrogenase (CODH) catalytic subunit","acsA"
"D_tamminensis_BEC324_bin.8",67.27,3.14,"K00394","absent","sulfate reduction","adenylylsulfate reductase subunit A","AprA"
"D_tamminensis_BEC324_bin.8",67.27,3.14,"K00583","absent","methanogenesis","methanogenesis_via_CO2","mtrG"
"D_tamminensis_BEC324_bin.8",67.27,3.14,"K00925","absent","reductive acetogenesis","Acetate kinase","ack"
"D_tamminensis_BEC324_bin.8",67.27,3.14,"K00925","absent","methanogenesis","methanogenesis_via_acetate","ack"
"D_tamminensis_BEC324_bin.8",67.27,3.14,"K00958","absent","sulfate reduction","sulfate adenylyltransferase","SAT"
"D_tamminensis_BEC324_bin.8",67.27,3.14,"K01938","present","reductive acetogenesis","Formate-tetrahydrofolate ligase FTHFS","fhs"
"D_tamminensis_BEC324_bin.8",67.27,3.14,"K02111","absent","reductive acetogenesis","F-type H+/Na+-transporting ATPase subunit alpha","atpA"
"D_tamminensis_BEC324_bin.8",67.27,3.14,"K03388","absent","methanogenesis","hdr flavoprotein analogs","hdrA2"
"D_tamminensis_BEC324_bin.8",67.27,3.14,"K03612","absent","methanogenesis","rnf  complex","rnfG"
"D_tamminensis_BEC324_bin.8",67.27,3.14,"K03612","absent","reductive acetogenesis","Na+-translocating ferredoxin:NAD+ oxidoreductase subunit G","rnfG"
"D_tamminensis_BEC324_bin.8",67.27,3.14,"K03613","present","reductive acetogenesis","Na+-translocating ferredoxin:NAD+ oxidoreductase subunit E","rnfE"
"D_tamminensis_BEC324_bin.8",67.27,3.14,"K03613","present","methanogenesis","rnf  complex","rnfE"
"D_tamminensis_BEC324_bin.8",67.27,3.14,"K03614","present","methanogenesis","rnf  complex","rnfD"
"D_tamminensis_BEC324_bin.8",67.27,3.14,"K03614","present","reductive acetogenesis","Na+-translocating ferredoxin:NAD+ oxidoreductase subunit D","rnfD"
"D_tamminensis_BEC324_bin.8",67.27,3.14,"K03615","present","methanogenesis","rnf  complex","rnfC"
"D_tamminensis_BEC324_bin.8",67.27,3.14,"K03615","present","reductive acetogenesis","Na+-translocating ferredoxin:NAD+ oxidoreductase subunit C","rnfC"
"D_tamminensis_BEC324_bin.8",67.27,3.14,"K03617","present","reductive acetogenesis","Na+-translocating ferredoxin:NAD+ oxidoreductase subunit A","rnfA"
"D_tamminensis_BEC324_bin.8",67.27,3.14,"K03617","present","methanogenesis","rnf  complex","rnfA"
"D_tamminensis_BEC324_bin.8",67.27,3.14,"K11181","absent","sulfate reduction","dissimilatory sulfite reductase beta subunit","DsrB"
"D_tamminensis_BEC324_bin.8",67.27,3.14,"K11261","absent","methanogenesis","methanogenesis_via_CO2","fmdE"
"D_tamminensis_BEC324_bin.8",67.27,3.14,"K13788","absent","methanogenesis","methanogenesis_via_acetate","pta"
"D_tamminensis_BEC324_bin.8",67.27,3.14,"K14080","absent","methanogenesis","methanogenesis_via_Methanol","mtaA"
"D_tamminensis_BEC324_bin.8",67.27,3.14,"K14081","absent","methanogenesis","methanogenesis_via_Methanol","mtaC"
"D_tamminensis_BEC324_bin.8",67.27,3.14,"K14086","absent","methanogenesis","hydrogenases associated with methanogenesis","echA"
"D_tamminensis_BEC324_bin.8",67.27,3.14,"K14091","absent","methanogenesis","hydrogenases associated with methanogenesis","echF"
"D_tamminensis_BEC324_bin.8",67.27,3.14,"K16177","absent","methanogenesis","methanogenesis_via_Monomethylamine/Dimethylamine/Trimethylamine","mtmC"
"D_tamminensis_BEC324_bin.8",67.27,3.14,"K16178","absent","methanogenesis","methanogenesis_via_Monomethylamine/Dimethylamine/Trimethylamine","mtbB"
"D_tamminensis_BEC324_bin.8",67.27,3.14,"K16179","present","methanogenesis","methanogenesis_via_Monomethylamine/Dimethylamine/Trimethylamine","mtbC"
"D_tamminensis_BEC324_bin.8",67.27,3.14,"K17992","absent","reductive acetogenesis","NADP-reducing hydrogenase subunit HndB","hndB"
"D_tamminensis_BEC324_bin.8",67.27,3.14,"K18331","present","reductive acetogenesis","NADP-reducing hydrogenase subunit HndC","hndC"
"D_tamminensis_BEC324_bin.8",67.27,3.14,"K18332","absent","reductive acetogenesis","NADP-reducing hydrogenase subunit HndD","hndD"
"D_tamminensis_BEC324_bin.8",67.27,3.14,"K22480","absent","methanogenesis","hdr flavoprotein analogs","hdrA1"
"D_tamminensis_BEC326_bin.1",96.12,2.48,"K00192","absent","methanogenesis","methanogenesis_via_CO2","cdhA"
"D_tamminensis_BEC326_bin.1",96.12,2.48,"K00193","absent","methanogenesis","methanogenesis_via_acetate","cdhC"
"D_tamminensis_BEC326_bin.1",96.12,2.48,"K00194","absent","reductive acetogenesis","Acetyl-CoA decarbonylase/synthase delta subunit (corrinoid iron-sulfur protein)","acsD"
"D_tamminensis_BEC326_bin.1",96.12,2.48,"K00194","absent","methanogenesis","methanogenesis_via_acetate","cdhD"
"D_tamminensis_BEC326_bin.1",96.12,2.48,"K00197","absent","reductive acetogenesis","CO-methylating acetyl-CoA synthase corrinoid iron-sulfur protein large subunit precursor","acsC"
"D_tamminensis_BEC326_bin.1",96.12,2.48,"K00197","absent","methanogenesis","methanogenesis_via_acetate","cdhE"
"D_tamminensis_BEC326_bin.1",96.12,2.48,"K00198","absent","reductive acetogenesis","Ni-dependent carbon monoxide dehydrogenase (CODH) catalytic subunit","acsA"
"D_tamminensis_BEC326_bin.1",96.12,2.48,"K00394","absent","sulfate reduction","adenylylsulfate reductase subunit A","AprA"
"D_tamminensis_BEC326_bin.1",96.12,2.48,"K00583","present","methanogenesis","methanogenesis_via_CO2","mtrG"
"D_tamminensis_BEC326_bin.1",96.12,2.48,"K00925","present","reductive acetogenesis","Acetate kinase","ack"
"D_tamminensis_BEC326_bin.1",96.12,2.48,"K00925","present","methanogenesis","methanogenesis_via_acetate","ack"
"D_tamminensis_BEC326_bin.1",96.12,2.48,"K00958","absent","sulfate reduction","sulfate adenylyltransferase","SAT"
"D_tamminensis_BEC326_bin.1",96.12,2.48,"K01938","present","reductive acetogenesis","Formate-tetrahydrofolate ligase FTHFS","fhs"
"D_tamminensis_BEC326_bin.1",96.12,2.48,"K02111","present","reductive acetogenesis","F-type H+/Na+-transporting ATPase subunit alpha","atpA"
"D_tamminensis_BEC326_bin.1",96.12,2.48,"K03388","absent","methanogenesis","hdr flavoprotein analogs","hdrA2"
"D_tamminensis_BEC326_bin.1",96.12,2.48,"K03612","present","methanogenesis","rnf  complex","rnfG"
"D_tamminensis_BEC326_bin.1",96.12,2.48,"K03612","present","reductive acetogenesis","Na+-translocating ferredoxin:NAD+ oxidoreductase subunit G","rnfG"
"D_tamminensis_BEC326_bin.1",96.12,2.48,"K03613","absent","reductive acetogenesis","Na+-translocating ferredoxin:NAD+ oxidoreductase subunit E","rnfE"
"D_tamminensis_BEC326_bin.1",96.12,2.48,"K03613","absent","methanogenesis","rnf  complex","rnfE"
"D_tamminensis_BEC326_bin.1",96.12,2.48,"K03614","present","methanogenesis","rnf  complex","rnfD"
"D_tamminensis_BEC326_bin.1",96.12,2.48,"K03614","present","reductive acetogenesis","Na+-translocating ferredoxin:NAD+ oxidoreductase subunit D","rnfD"
"D_tamminensis_BEC326_bin.1",96.12,2.48,"K03615","absent","methanogenesis","rnf  complex","rnfC"
"D_tamminensis_BEC326_bin.1",96.12,2.48,"K03615","absent","reductive acetogenesis","Na+-translocating ferredoxin:NAD+ oxidoreductase subunit C","rnfC"
"D_tamminensis_BEC326_bin.1",96.12,2.48,"K03617","present","reductive acetogenesis","Na+-translocating ferredoxin:NAD+ oxidoreductase subunit A","rnfA"
"D_tamminensis_BEC326_bin.1",96.12,2.48,"K03617","present","methanogenesis","rnf  complex","rnfA"
"D_tamminensis_BEC326_bin.1",96.12,2.48,"K11181","absent","sulfate reduction","dissimilatory sulfite reductase beta subunit","DsrB"
"D_tamminensis_BEC326_bin.1",96.12,2.48,"K11261","present","methanogenesis","methanogenesis_via_CO2","fmdE"
"D_tamminensis_BEC326_bin.1",96.12,2.48,"K13788","absent","methanogenesis","methanogenesis_via_acetate","pta"
"D_tamminensis_BEC326_bin.1",96.12,2.48,"K14080","present","methanogenesis","methanogenesis_via_Methanol","mtaA"
"D_tamminensis_BEC326_bin.1",96.12,2.48,"K14081","absent","methanogenesis","methanogenesis_via_Methanol","mtaC"
"D_tamminensis_BEC326_bin.1",96.12,2.48,"K14086","absent","methanogenesis","hydrogenases associated with methanogenesis","echA"
"D_tamminensis_BEC326_bin.1",96.12,2.48,"K14091","absent","methanogenesis","hydrogenases associated with methanogenesis","echF"
"D_tamminensis_BEC326_bin.1",96.12,2.48,"K16177","absent","methanogenesis","methanogenesis_via_Monomethylamine/Dimethylamine/Trimethylamine","mtmC"
"D_tamminensis_BEC326_bin.1",96.12,2.48,"K16178","absent","methanogenesis","methanogenesis_via_Monomethylamine/Dimethylamine/Trimethylamine","mtbB"
"D_tamminensis_BEC326_bin.1",96.12,2.48,"K16179","absent","methanogenesis","methanogenesis_via_Monomethylamine/Dimethylamine/Trimethylamine","mtbC"
"D_tamminensis_BEC326_bin.1",96.12,2.48,"K17992","present","reductive acetogenesis","NADP-reducing hydrogenase subunit HndB","hndB"
"D_tamminensis_BEC326_bin.1",96.12,2.48,"K18331","absent","reductive acetogenesis","NADP-reducing hydrogenase subunit HndC","hndC"
"D_tamminensis_BEC326_bin.1",96.12,2.48,"K18332","absent","reductive acetogenesis","NADP-reducing hydrogenase subunit HndD","hndD"
"D_tamminensis_BEC326_bin.1",96.12,2.48,"K22480","present","methanogenesis","hdr flavoprotein analogs","hdrA1"
"D_tamminensis_BEC327_bin.2",70.06,2.38,"K00192","present","methanogenesis","methanogenesis_via_CO2","cdhA"
"D_tamminensis_BEC327_bin.2",70.06,2.38,"K00193","absent","methanogenesis","methanogenesis_via_acetate","cdhC"
"D_tamminensis_BEC327_bin.2",70.06,2.38,"K00194","present","reductive acetogenesis","Acetyl-CoA decarbonylase/synthase delta subunit (corrinoid iron-sulfur protein)","acsD"
"D_tamminensis_BEC327_bin.2",70.06,2.38,"K00194","present","methanogenesis","methanogenesis_via_acetate","cdhD"
"D_tamminensis_BEC327_bin.2",70.06,2.38,"K00197","present","reductive acetogenesis","CO-methylating acetyl-CoA synthase corrinoid iron-sulfur protein large subunit precursor","acsC"
"D_tamminensis_BEC327_bin.2",70.06,2.38,"K00197","present","methanogenesis","methanogenesis_via_acetate","cdhE"
"D_tamminensis_BEC327_bin.2",70.06,2.38,"K00198","absent","reductive acetogenesis","Ni-dependent carbon monoxide dehydrogenase (CODH) catalytic subunit","acsA"
"D_tamminensis_BEC327_bin.2",70.06,2.38,"K00394","absent","sulfate reduction","adenylylsulfate reductase subunit A","AprA"
"D_tamminensis_BEC327_bin.2",70.06,2.38,"K00583","absent","methanogenesis","methanogenesis_via_CO2","mtrG"
"D_tamminensis_BEC327_bin.2",70.06,2.38,"K00925","absent","reductive acetogenesis","Acetate kinase","ack"
"D_tamminensis_BEC327_bin.2",70.06,2.38,"K00925","absent","methanogenesis","methanogenesis_via_acetate","ack"
"D_tamminensis_BEC327_bin.2",70.06,2.38,"K00958","absent","sulfate reduction","sulfate adenylyltransferase","SAT"
"D_tamminensis_BEC327_bin.2",70.06,2.38,"K01938","present","reductive acetogenesis","Formate-tetrahydrofolate ligase FTHFS","fhs"
"D_tamminensis_BEC327_bin.2",70.06,2.38,"K02111","present","reductive acetogenesis","F-type H+/Na+-transporting ATPase subunit alpha","atpA"
"D_tamminensis_BEC327_bin.2",70.06,2.38,"K03388","absent","methanogenesis","hdr flavoprotein analogs","hdrA2"
"D_tamminensis_BEC327_bin.2",70.06,2.38,"K03612","absent","methanogenesis","rnf  complex","rnfG"
"D_tamminensis_BEC327_bin.2",70.06,2.38,"K03612","absent","reductive acetogenesis","Na+-translocating ferredoxin:NAD+ oxidoreductase subunit G","rnfG"
"D_tamminensis_BEC327_bin.2",70.06,2.38,"K03613","absent","reductive acetogenesis","Na+-translocating ferredoxin:NAD+ oxidoreductase subunit E","rnfE"
"D_tamminensis_BEC327_bin.2",70.06,2.38,"K03613","absent","methanogenesis","rnf  complex","rnfE"
"D_tamminensis_BEC327_bin.2",70.06,2.38,"K03614","absent","methanogenesis","rnf  complex","rnfD"
"D_tamminensis_BEC327_bin.2",70.06,2.38,"K03614","absent","reductive acetogenesis","Na+-translocating ferredoxin:NAD+ oxidoreductase subunit D","rnfD"
"D_tamminensis_BEC327_bin.2",70.06,2.38,"K03615","absent","methanogenesis","rnf  complex","rnfC"
"D_tamminensis_BEC327_bin.2",70.06,2.38,"K03615","absent","reductive acetogenesis","Na+-translocating ferredoxin:NAD+ oxidoreductase subunit C","rnfC"
"D_tamminensis_BEC327_bin.2",70.06,2.38,"K03617","absent","reductive acetogenesis","Na+-translocating ferredoxin:NAD+ oxidoreductase subunit A","rnfA"
"D_tamminensis_BEC327_bin.2",70.06,2.38,"K03617","absent","methanogenesis","rnf  complex","rnfA"
"D_tamminensis_BEC327_bin.2",70.06,2.38,"K11181","absent","sulfate reduction","dissimilatory sulfite reductase beta subunit","DsrB"
"D_tamminensis_BEC327_bin.2",70.06,2.38,"K11261","absent","methanogenesis","methanogenesis_via_CO2","fmdE"
"D_tamminensis_BEC327_bin.2",70.06,2.38,"K13788","absent","methanogenesis","methanogenesis_via_acetate","pta"
"D_tamminensis_BEC327_bin.2",70.06,2.38,"K14080","absent","methanogenesis","methanogenesis_via_Methanol","mtaA"
"D_tamminensis_BEC327_bin.2",70.06,2.38,"K14081","absent","methanogenesis","methanogenesis_via_Methanol","mtaC"
"D_tamminensis_BEC327_bin.2",70.06,2.38,"K14086","absent","methanogenesis","hydrogenases associated with methanogenesis","echA"
"D_tamminensis_BEC327_bin.2",70.06,2.38,"K14091","absent","methanogenesis","hydrogenases associated with methanogenesis","echF"
"D_tamminensis_BEC327_bin.2",70.06,2.38,"K16177","absent","methanogenesis","methanogenesis_via_Monomethylamine/Dimethylamine/Trimethylamine","mtmC"
"D_tamminensis_BEC327_bin.2",70.06,2.38,"K16178","absent","methanogenesis","methanogenesis_via_Monomethylamine/Dimethylamine/Trimethylamine","mtbB"
"D_tamminensis_BEC327_bin.2",70.06,2.38,"K16179","absent","methanogenesis","methanogenesis_via_Monomethylamine/Dimethylamine/Trimethylamine","mtbC"
"D_tamminensis_BEC327_bin.2",70.06,2.38,"K17992","present","reductive acetogenesis","NADP-reducing hydrogenase subunit HndB","hndB"
"D_tamminensis_BEC327_bin.2",70.06,2.38,"K18331","absent","reductive acetogenesis","NADP-reducing hydrogenase subunit HndC","hndC"
"D_tamminensis_BEC327_bin.2",70.06,2.38,"K18332","present","reductive acetogenesis","NADP-reducing hydrogenase subunit HndD","hndD"
"D_tamminensis_BEC327_bin.2",70.06,2.38,"K22480","absent","methanogenesis","hdr flavoprotein analogs","hdrA1"
"D_tamminensis_BEC327_bin.3",37.62,6.01,"K00192","present","methanogenesis","methanogenesis_via_CO2","cdhA"
"D_tamminensis_BEC327_bin.3",37.62,6.01,"K00193","absent","methanogenesis","methanogenesis_via_acetate","cdhC"
"D_tamminensis_BEC327_bin.3",37.62,6.01,"K00194","absent","reductive acetogenesis","Acetyl-CoA decarbonylase/synthase delta subunit (corrinoid iron-sulfur protein)","acsD"
"D_tamminensis_BEC327_bin.3",37.62,6.01,"K00194","absent","methanogenesis","methanogenesis_via_acetate","cdhD"
"D_tamminensis_BEC327_bin.3",37.62,6.01,"K00197","absent","reductive acetogenesis","CO-methylating acetyl-CoA synthase corrinoid iron-sulfur protein large subunit precursor","acsC"
"D_tamminensis_BEC327_bin.3",37.62,6.01,"K00197","absent","methanogenesis","methanogenesis_via_acetate","cdhE"
"D_tamminensis_BEC327_bin.3",37.62,6.01,"K00198","absent","reductive acetogenesis","Ni-dependent carbon monoxide dehydrogenase (CODH) catalytic subunit","acsA"
"D_tamminensis_BEC327_bin.3",37.62,6.01,"K00394","absent","sulfate reduction","adenylylsulfate reductase subunit A","AprA"
"D_tamminensis_BEC327_bin.3",37.62,6.01,"K00583","absent","methanogenesis","methanogenesis_via_CO2","mtrG"
"D_tamminensis_BEC327_bin.3",37.62,6.01,"K00925","absent","reductive acetogenesis","Acetate kinase","ack"
"D_tamminensis_BEC327_bin.3",37.62,6.01,"K00925","absent","methanogenesis","methanogenesis_via_acetate","ack"
"D_tamminensis_BEC327_bin.3",37.62,6.01,"K00958","absent","sulfate reduction","sulfate adenylyltransferase","SAT"
"D_tamminensis_BEC327_bin.3",37.62,6.01,"K01938","absent","reductive acetogenesis","Formate-tetrahydrofolate ligase FTHFS","fhs"
"D_tamminensis_BEC327_bin.3",37.62,6.01,"K02111","absent","reductive acetogenesis","F-type H+/Na+-transporting ATPase subunit alpha","atpA"
"D_tamminensis_BEC327_bin.3",37.62,6.01,"K03388","absent","methanogenesis","hdr flavoprotein analogs","hdrA2"
"D_tamminensis_BEC327_bin.3",37.62,6.01,"K03612","absent","methanogenesis","rnf  complex","rnfG"
"D_tamminensis_BEC327_bin.3",37.62,6.01,"K03612","absent","reductive acetogenesis","Na+-translocating ferredoxin:NAD+ oxidoreductase subunit G","rnfG"
"D_tamminensis_BEC327_bin.3",37.62,6.01,"K03613","absent","reductive acetogenesis","Na+-translocating ferredoxin:NAD+ oxidoreductase subunit E","rnfE"
"D_tamminensis_BEC327_bin.3",37.62,6.01,"K03613","absent","methanogenesis","rnf  complex","rnfE"
"D_tamminensis_BEC327_bin.3",37.62,6.01,"K03614","absent","methanogenesis","rnf  complex","rnfD"
"D_tamminensis_BEC327_bin.3",37.62,6.01,"K03614","absent","reductive acetogenesis","Na+-translocating ferredoxin:NAD+ oxidoreductase subunit D","rnfD"
"D_tamminensis_BEC327_bin.3",37.62,6.01,"K03615","absent","methanogenesis","rnf  complex","rnfC"
"D_tamminensis_BEC327_bin.3",37.62,6.01,"K03615","absent","reductive acetogenesis","Na+-translocating ferredoxin:NAD+ oxidoreductase subunit C","rnfC"
"D_tamminensis_BEC327_bin.3",37.62,6.01,"K03617","absent","reductive acetogenesis","Na+-translocating ferredoxin:NAD+ oxidoreductase subunit A","rnfA"
"D_tamminensis_BEC327_bin.3",37.62,6.01,"K03617","absent","methanogenesis","rnf  complex","rnfA"
"D_tamminensis_BEC327_bin.3",37.62,6.01,"K11181","absent","sulfate reduction","dissimilatory sulfite reductase beta subunit","DsrB"
"D_tamminensis_BEC327_bin.3",37.62,6.01,"K11261","absent","methanogenesis","methanogenesis_via_CO2","fmdE"
"D_tamminensis_BEC327_bin.3",37.62,6.01,"K13788","absent","methanogenesis","methanogenesis_via_acetate","pta"
"D_tamminensis_BEC327_bin.3",37.62,6.01,"K14080","absent","methanogenesis","methanogenesis_via_Methanol","mtaA"
"D_tamminensis_BEC327_bin.3",37.62,6.01,"K14081","absent","methanogenesis","methanogenesis_via_Methanol","mtaC"
"D_tamminensis_BEC327_bin.3",37.62,6.01,"K14086","absent","methanogenesis","hydrogenases associated with methanogenesis","echA"
"D_tamminensis_BEC327_bin.3",37.62,6.01,"K14091","absent","methanogenesis","hydrogenases associated with methanogenesis","echF"
"D_tamminensis_BEC327_bin.3",37.62,6.01,"K16177","absent","methanogenesis","methanogenesis_via_Monomethylamine/Dimethylamine/Trimethylamine","mtmC"
"D_tamminensis_BEC327_bin.3",37.62,6.01,"K16178","absent","methanogenesis","methanogenesis_via_Monomethylamine/Dimethylamine/Trimethylamine","mtbB"
"D_tamminensis_BEC327_bin.3",37.62,6.01,"K16179","absent","methanogenesis","methanogenesis_via_Monomethylamine/Dimethylamine/Trimethylamine","mtbC"
"D_tamminensis_BEC327_bin.3",37.62,6.01,"K17992","absent","reductive acetogenesis","NADP-reducing hydrogenase subunit HndB","hndB"
"D_tamminensis_BEC327_bin.3",37.62,6.01,"K18331","absent","reductive acetogenesis","NADP-reducing hydrogenase subunit HndC","hndC"
"D_tamminensis_BEC327_bin.3",37.62,6.01,"K18332","present","reductive acetogenesis","NADP-reducing hydrogenase subunit HndD","hndD"
"D_tamminensis_BEC327_bin.3",37.62,6.01,"K22480","absent","methanogenesis","hdr flavoprotein analogs","hdrA1"
