"sample","keggid","gene","pathway","tpm","num_reads"
"A_dentosus_BEC331","K11963","urtABCDE","urea transport",8335.011158,1
"A_dentosus_BEC333","K11963","urtABCDE","urea transport",0,0
"A_dentosus_BEC333","K11962","urtABCDE","urea transport",3291.804533,16
"A_heterognathus_BEC338","K11962","urtABCDE","urea transport",1173.290023,10
"A_heterognathus_BEC338","K00266","gltBD","glutamate synthesis",826.179806,23
"A_heterognathus_BEC338","K11962","urtABCDE","urea transport",742.615015,25
"A_heterognathus_BEC338","K11960","urtABCDE","urea transport",742.615015,25
"A_heterognathus_BEC338","K11962","urtABCDE","urea transport",828.871254,2
"A_heterognathus_BEC338","K00611","argFGH","arginine synthesis",1015.528762,3
"A_heterognathus_BEC338","K11963","urtABCDE","urea transport",1482.525159,7
"A_heterognathus_BEC338","K11962","urtABCDE","urea transport",1811.570485,37
"A_heterognathus_BEC338","K11962","urtABCDE","urea transport",759.239816,18
"A_heterognathus_BEC338","K00371","narGHI","dissimilatory nitrate reduction",1658.852987,20
"A_heterognathus_BEC338","K00370","narGHI","dissimilatory nitrate reduction",1658.852987,20
"A_heterognathus_BEC338","K00370","narGHI","dissimilatory nitrate reduction",1658.852987,20
"A_heterognathus_BEC338","K00370","narGHI","dissimilatory nitrate reduction",1658.852987,20
"A_heterognathus_BEC338","K00625","pta","reductive acetogenesis",1658.852987,20
"A_heterognathus_BEC338","K11962","urtABCDE","urea transport",1076.628323,57
"A_heterognathus_BEC338","K11962","urtABCDE","urea transport",1362.877271,71
"A_heterognathus_BEC338","K11963","urtABCDE","urea transport",1350.363746,15
"A_heterognathus_BEC338","K11962","urtABCDE","urea transport",583.411835,21
"A_heterognathus_BEC338","K00370","narGHI","dissimilatory nitrate reduction",1290.987346,25
"A_heterognathus_BEC338","K00925","ack","reductive acetogenesis",1999.259751,12
"A_heterognathus_BEC338","K11962","urtABCDE","urea transport",877.309333,6
"A_heterognathus_BEC338","K11962","urtABCDE","urea transport",5772.618591,32
"A_heterognathus_BEC338","K00370","narGHI","dissimilatory nitrate reduction",1193.644193,24
"A_heterognathus_BEC338","K00370","narGHI","dissimilatory nitrate reduction",1193.644193,24
"A_heterognathus_BEC338","K00370","narGHI","dissimilatory nitrate reduction",1193.644193,24
"A_heterognathus_BEC338","K00370","narGHI","dissimilatory nitrate reduction",1193.644193,24
"A_heterognathus_BEC338","K11962","urtABCDE","urea transport",945.018308,18
"A_heterognathus_BEC338","K11962","urtABCDE","urea transport",945.018308,18
"A_heterognathus_BEC338","K11962","urtABCDE","urea transport",2005.921431,8
"A_heterognathus_BEC338","K11962","urtABCDE","urea transport",1289.211777,49
"A_heterognathus_BEC338","K11962","urtABCDE","urea transport",0,0
"A_heterognathus_BEC338","K00266","gltBD","glutamate synthesis",1984.71009,21
"A_heterognathus_BEC338","K11962","urtABCDE","urea transport",1301.103696,54
"A_heterognathus_BEC338","K00395","aprAB","sulfate reduction",1097.618551,18
"A_heterognathus_BEC338","K11962","urtABCDE","urea transport",4217.067652,9
"A_heterognathus_BEC338","K11960","urtABCDE","urea transport",1424.686655,46
"A_heterognathus_BEC338","K00297","metF","reductive acetogenesis",19493.627691,15
"A_heterognathus_BEC338","K11963","urtABCDE","urea transport",1648.932994,9
"A_heterognathus_BEC338","K00395","aprAB","sulfate reduction",470.428858,12
"A_heterognathus_BEC338","K00395","aprAB","sulfate reduction",470.428858,12
"A_heterognathus_BEC338","K11962","urtABCDE","urea transport",1483.528324,27
"A_heterognathus_BEC338","K11962","urtABCDE","urea transport",1853.154386,20
"A_heterognathus_BEC338","K11962","urtABCDE","urea transport",740.971788,20
"A_heterognathus_BEC338","K11962","urtABCDE","urea transport",740.971788,20
"A_laurensis_BEC002","K11960","urtABCDE","urea transport",28242.913816,445
"A_laurensis_BEC002","K00611","argFGH","arginine synthesis",2156.4325,20
"A_laurensis_BEC5","K00925","ack","reductive acetogenesis",1694.302145,1
"A_laurensis_BEC8","K11962","urtABCDE","urea transport",2675.338342,20
"A_laurensis_BEC8","K11962","urtABCDE","urea transport",2675.338342,20
"A_laurensis_BEC8","K11962","urtABCDE","urea transport",13411.580138,29
"A_laurensis_BEC8","K11962","urtABCDE","urea transport",13411.580138,29
"A_laurensis_BEC8","K11962","urtABCDE","urea transport",13411.580138,29
"A_laurensis_BEC8","K11962","urtABCDE","urea transport",13411.580138,29
"A_laurensis_BEC8","K00395","aprAB","sulfate reduction",6710.805369,28
"A_laurensis_BEC8","K00395","aprAB","sulfate reduction",1093.240224,41
"A_laurensis_BEC8","K00611","argFGH","arginine synthesis",7716.758956,16
"A_laurensis_BEC8","K00194","acsABCDE","reductive acetogenesis",1142.087908,15
"A_laurensis_BEC8","K11963","urtABCDE","urea transport",1040.741403,3
"A_laurensis_BEC8","K00395","aprAB","sulfate reduction",3377.131068,52
"A_obeuntis_BEC335","K00370","narGHI","dissimilatory nitrate reduction",1332.499127,7
"A_obeuntis_BEC335","K00371","narGHI","dissimilatory nitrate reduction",1332.499127,7
"A_obeuntis_BEC335","K11962","urtABCDE","urea transport",971.073688,24
"A_obeuntis_BEC335","K11962","urtABCDE","urea transport",971.073688,24
"A_obeuntis_BEC335","K11962","urtABCDE","urea transport",2272.177647,2
"A_obeuntis_BEC335","K00625","pta","reductive acetogenesis",425.922744,1
"A_obeuntis_BEC335","K11959","urtABCDE","urea transport",893.571044,27
"A_obeuntis_BEC335","K11960","urtABCDE","urea transport",893.571044,27
"A_obeuntis_BEC335","K11180","dsrAB","sulfate reduction",1674.900014,21
"A_obeuntis_BEC335","K00266","gltBD","glutamate synthesis",1008.992821,47
"A_obeuntis_BEC335","K11962","urtABCDE","urea transport",1022.918916,25
"A_obeuntis_BEC335","K11962","urtABCDE","urea transport",2908.337797,2
"A_obeuntis_BEC335","K11962","urtABCDE","urea transport",2908.337797,2
"A_obeuntis_BEC335","K11962","urtABCDE","urea transport",4544.355294,4
"A_obeuntis_BEC335","K11962","urtABCDE","urea transport",1389.774985,29
"A_obeuntis_BEC335","K11962","urtABCDE","urea transport",1389.774985,29
"A_obeuntis_BEC335","K00266","gltBD","glutamate synthesis",3642.793542,14
"A_obeuntis_BEC335","K11963","urtABCDE","urea transport",972.136792,64
"A_obeuntis_BEC335","K00266","gltBD","glutamate synthesis",638.057148,8
"A_obeuntis_BEC335","K11963","urtABCDE","urea transport",1313.303156,33
"A_obeuntis_BEC335","K11962","urtABCDE","urea transport",730.833835,8
"A_obeuntis_BEC335","K11962","urtABCDE","urea transport",730.833835,8
"A_obeuntis_BEC335","K11962","urtABCDE","urea transport",2075.275285,9
"A_obeuntis_BEC335","K11962","urtABCDE","urea transport",4672.869679,8
"A_obeuntis_BEC335","K11962","urtABCDE","urea transport",4672.869679,8
"A_obeuntis_BEC335","K00370","narGHI","dissimilatory nitrate reduction",865.71932,5
"A_obeuntis_BEC335","K11963","urtABCDE","urea transport",2421.559072,2
"A_obeuntis_BEC335","K00370","narGHI","dissimilatory nitrate reduction",979.721616,87
"A_obeuntis_BEC335","K00370","narGHI","dissimilatory nitrate reduction",979.721616,87
"A_obeuntis_BEC335","K11962","urtABCDE","urea transport",1386.304106,60
"A_obeuntis_BEC335","K00194","acsABCDE","reductive acetogenesis",1014.03279,51
"A_obeuntis_BEC335","K00395","aprAB","sulfate reduction",965.895878,43
"A_obeuntis_BEC335","K11962","urtABCDE","urea transport",720.969559,20
"A_obeuntis_BEC335","K11962","urtABCDE","urea transport",1701.408306,72
"A_obeuntis_BEC335","K11960","urtABCDE","urea transport",1701.408306,72
"A_obeuntis_BEC335","K00266","gltBD","glutamate synthesis",661.826283,22
"A_obeuntis_BEC335","K11963","urtABCDE","urea transport",975.998968,46
"A_obeuntis_BEC335","K11962","urtABCDE","urea transport",1558.294776,9
"A_obeuntis_BEC335","K11960","urtABCDE","urea transport",1633.021843,59
"A_obeuntis_BEC335","K11961","urtABCDE","urea transport",1633.021843,59
"A_obeuntis_BEC335","K11962","urtABCDE","urea transport",1942.518439,14
"A_obeuntis_BEC335","K00265","gltBD","glutamate synthesis",1231.536261,13
"A_obeuntis_BEC335","K00265","gltBD","glutamate synthesis",1231.536261,13
"A_obeuntis_BEC335","K11962","urtABCDE","urea transport",827.08017,59
"A_obeuntis_BEC335","K11962","urtABCDE","urea transport",1185.70085,28
"A_obeuntis_BEC335","K00611","argFGH","arginine synthesis",661.949756,19
"A_obeuntis_BEC335","K11962","urtABCDE","urea transport",598.547328,25
"A_obeuntis_BEC335","K11963","urtABCDE","urea transport",930.557247,93
"A_obeuntis_BEC335","K00266","gltBD","glutamate synthesis",1080.507324,11
"A_obeuntis_BEC335","K00370","narGHI","dissimilatory nitrate reduction",841.517984,37
"A_obeuntis_BEC335","K11963","urtABCDE","urea transport",1950.918427,12
"A_obeuntis_BEC335","K11962","urtABCDE","urea transport",2776.085119,4
"A_obeuntis_BEC335","K00925","ack","reductive acetogenesis",790.686671,24
"A_obeuntis_BEC335","K11963","urtABCDE","urea transport",1040.798155,4
"A_obeuntis_BEC335","K11962","urtABCDE","urea transport",1040.798155,4
"A_obeuntis_BEC335","K00925","ack","reductive acetogenesis",1065.391405,76
"A_obeuntis_BEC335","K00925","ack","reductive acetogenesis",812.115252,9
"A_obeuntis_BEC335","K11962","urtABCDE","urea transport",2652.539638,28
"A_obeuntis_BEC335","K15023","acsABCDE","reductive acetogenesis",1330.238937,53
"A_obeuntis_BEC335","K11962","urtABCDE","urea transport",2255.852963,10
"A_obeuntis_BEC335","K11962","urtABCDE","urea transport",1991.216629,9
"A_obeuntis_BEC335","K11962","urtABCDE","urea transport",1067.072295,23
"A_obeuntis_BEC335","K00122","fdhF","reductive acetogenesis",936.048075,8
"A_obeuntis_BEC335","K00197","acsABCDE","reductive acetogenesis",1225.318713,19
"A_obeuntis_BEC335","K11963","urtABCDE","urea transport",607.993675,32
"A_obeuntis_BEC335","K11962","urtABCDE","urea transport",1707.73738,23
"A_obeuntis_BEC335","K00266","gltBD","glutamate synthesis",920.369705,23
"A_obeuntis_BEC335","K11962","urtABCDE","urea transport",1534.191872,16
"A_obeuntis_BEC335","K00266","gltBD","glutamate synthesis",1208.227518,39
"A_obeuntis_BEC335","K00266","gltBD","glutamate synthesis",0,0
"A_obeuntis_BEC335","K11962","urtABCDE","urea transport",909.770007,39
"A_obeuntis_BEC335","K11962","urtABCDE","urea transport",1712.539009,72
"A_obeuntis_BEC335","K11963","urtABCDE","urea transport",4026.045713,22
"A_obeuntis_BEC335","K11962","urtABCDE","urea transport",785.407654,26
"A_obeuntis_BEC335","K11962","urtABCDE","urea transport",1393.109225,67
"A_obeuntis_BEC335","K00395","aprAB","sulfate reduction",996.055503,49
"A_obeuntis_BEC335","K11962","urtABCDE","urea transport",894.484779,21
"A_obeuntis_BEC335","K11963","urtABCDE","urea transport",1250.434843,8
"A_obeuntis_BEC335","K11962","urtABCDE","urea transport",1404.072113,12
"A_obeuntis_BEC335","K11962","urtABCDE","urea transport",1404.072113,12
"A_obeuntis_BEC335","K00370","narGHI","dissimilatory nitrate reduction",3761.186967,17
"A_obeuntis_BEC335","K00395","aprAB","sulfate reduction",3761.186967,17
"A_obeuntis_BEC335","K11962","urtABCDE","urea transport",2721.150511,11
"A_obeuntis_BEC335","K00370","narGHI","dissimilatory nitrate reduction",1229.795074,26
"A_obeuntis_BEC335","K00395","aprAB","sulfate reduction",1229.795074,26
"A_obeuntis_BEC335","K11962","urtABCDE","urea transport",580.68274,32
"A_obeuntis_BEC335","K00611","argFGH","arginine synthesis",1421.484847,4
"A_obeuntis_BEC335","K11962","urtABCDE","urea transport",2538.355831,12
"A_obeuntis_BEC335","K11962","urtABCDE","urea transport",2537.818042,10
"A_obeuntis_BEC335","K00395","aprAB","sulfate reduction",1688.80318,13
"A_obeuntis_BEC335","K00611","argFGH","arginine synthesis",789.650863,37
"A_obeuntis_BEC335","K11962","urtABCDE","urea transport",551.666727,15
"A_obeuntis_BEC337","K00611","argFGH","arginine synthesis",1189.288052,13
"A_obeuntis_BEC337","K11962","urtABCDE","urea transport",1032.78225,23
"A_obeuntis_BEC337","K11963","urtABCDE","urea transport",1467.660905,42
"A_obeuntis_BEC337","K11962","urtABCDE","urea transport",3658.082859,2
"A_obeuntis_BEC337","K11962","urtABCDE","urea transport",1007.409294,15
"A_obeuntis_BEC337","K00395","aprAB","sulfate reduction",2479.893632,35
"A_obeuntis_BEC337","K00611","argFGH","arginine synthesis",1774.975655,4
"A_obeuntis_BEC337","K00625","pta","reductive acetogenesis",1076.827086,35
"A_obeuntis_BEC337","K11962","urtABCDE","urea transport",2050.473561,12
"A_obeuntis_BEC337","K11962","urtABCDE","urea transport",1670.742578,17
"A_obeuntis_BEC337","K11960","urtABCDE","urea transport",1670.742578,17
"A_obeuntis_BEC337","K11963","urtABCDE","urea transport",1092.506393,29
"A_obeuntis_BEC337","K11962","urtABCDE","urea transport",1423.569465,19
"A_obeuntis_BEC337","K00395","aprAB","sulfate reduction",1020.143588,58
"A_obeuntis_BEC337","K11962","urtABCDE","urea transport",1069.537321,18
"A_obeuntis_BEC337","K11962","urtABCDE","urea transport",1069.537321,18
"A_obeuntis_BEC337","K00266","gltBD","glutamate synthesis",595.748592,26
"A_obeuntis_BEC337","K15023","acsABCDE","reductive acetogenesis",1710.815771,7
"A_obeuntis_BEC337","K00395","aprAB","sulfate reduction",1350.363054,25
"A_obeuntis_BEC337","K11963","urtABCDE","urea transport",1032.025293,10
"A_obeuntis_BEC337","K00395","aprAB","sulfate reduction",1255.518866,15
"A_obeuntis_BEC337","K11962","urtABCDE","urea transport",2060.827446,10
"A_obeuntis_BEC337","K11962","urtABCDE","urea transport",2842.960157,4
"A_obeuntis_BEC337","K00266","gltBD","glutamate synthesis",965.332239,28
"A_obeuntis_BEC337","K11962","urtABCDE","urea transport",2364.523488,4
"A_obeuntis_BEC337","K11962","urtABCDE","urea transport",1417.591178,4
"A_obeuntis_BEC337","K11960","urtABCDE","urea transport",660.95013,19
"A_obeuntis_BEC337","K11962","urtABCDE","urea transport",1222.011265,5
"A_obeuntis_BEC337","K11962","urtABCDE","urea transport",1069.60289,14
"A_obeuntis_BEC337","K11963","urtABCDE","urea transport",940.195676,47
"A_obeuntis_BEC337","K00925","ack","reductive acetogenesis",1551.595725,44
"A_obeuntis_BEC337","K00925","ack","reductive acetogenesis",1551.595725,44
"A_obeuntis_BEC337","K11962","urtABCDE","urea transport",794.934,28
"A_obeuntis_BEC337","K11962","urtABCDE","urea transport",2087.621331,15
"A_obeuntis_BEC337","K11962","urtABCDE","urea transport",1080.562446,41
"A_obeuntis_BEC337","K00625","pta","reductive acetogenesis",829.414083,16
"A_obeuntis_BEC337","K00266","gltBD","glutamate synthesis",829.414083,16
"A_obeuntis_BEC337","K00370","narGHI","dissimilatory nitrate reduction",6378.644972,14
"A_obeuntis_BEC337","K11962","urtABCDE","urea transport",7316.165719,4
"A_obeuntis_BEC337","K11962","urtABCDE","urea transport",0,0
"A_obeuntis_BEC337","K11962","urtABCDE","urea transport",0,0
"A_obeuntis_BEC337","K11962","urtABCDE","urea transport",786.417778,55
"A_obeuntis_BEC337","K11962","urtABCDE","urea transport",726.261389,11
"A_obeuntis_BEC337","K11962","urtABCDE","urea transport",1548.037939,15
"A_obeuntis_BEC337","K00925","ack","reductive acetogenesis",972.812904,12
"A_obeuntis_BEC337","K11962","urtABCDE","urea transport",1210.014357,34
"A_obeuntis_BEC337","K00197","acsABCDE","reductive acetogenesis",775.797862,22
"A_obeuntis_BEC337","K11960","urtABCDE","urea transport",854.953106,31
"A_obeuntis_BEC337","K11962","urtABCDE","urea transport",1177.489872,43
"A_obeuntis_BEC337","K11959","urtABCDE","urea transport",698.368815,17
"A_obeuntis_BEC337","K00958","sat","sulfate reduction",1043.98745,13
"A_obeuntis_BEC337","K00395","aprAB","sulfate reduction",925.420156,29
"A_obeuntis_BEC337","K11962","urtABCDE","urea transport",1356.384674,11
"A_obeuntis_BEC337","K00395","aprAB","sulfate reduction",4562.384814,37
"A_obeuntis_BEC337","K11960","urtABCDE","urea transport",1012.280568,35
"A_obeuntis_BEC337","K11960","urtABCDE","urea transport",1012.280568,35
"A_obeuntis_BEC337","K11962","urtABCDE","urea transport",1296.348532,24
"A_obeuntis_BEC337","K11962","urtABCDE","urea transport",1296.348532,24
"A_obeuntis_BEC337","K11962","urtABCDE","urea transport",1955.218024,8
"A_obeuntis_BEC337","K11962","urtABCDE","urea transport",2411.67355,19
"A_obeuntis_BEC337","K00266","gltBD","glutamate synthesis",2060.943205,11
"Amitermes_sp_BEC323","K11962","urtABCDE","urea transport",336.075231,38
"Amitermes_sp_BEC323","K11962","urtABCDE","urea transport",677.191978,135
"Amitermes_sp_BEC323","K11960","urtABCDE","urea transport",358.822038,41
"Amitermes_sp_BEC323","K11960","urtABCDE","urea transport",358.822038,41
"Amitermes_sp_BEC323","K11962","urtABCDE","urea transport",1536.912828,4
"Amitermes_sp_BEC323","K00395","aprAB","sulfate reduction",713.442366,134
"Amitermes_sp_BEC323","K11962","urtABCDE","urea transport",389.482001,12
"Amitermes_sp_BEC323","K11962","urtABCDE","urea transport",617.184792,85
"Amitermes_sp_BEC323","K11962","urtABCDE","urea transport",805.129685,294
"Amitermes_sp_BEC323","K00395","aprAB","sulfate reduction",356.311811,2
"Amitermes_sp_BEC323","K11962","urtABCDE","urea transport",305.994924,10
"Amitermes_sp_BEC323","K00266","gltBD","glutamate synthesis",305.568985,58
"Amitermes_sp_BEC323","K11962","urtABCDE","urea transport",280.295105,23
"Amitermes_sp_BEC323","K00395","aprAB","sulfate reduction",392.416693,6
"Amitermes_sp_BEC323","K00395","aprAB","sulfate reduction",703.063384,89
"Amitermes_sp_BEC323","K00395","aprAB","sulfate reduction",703.063384,89
"Amitermes_sp_BEC323","K11963","urtABCDE","urea transport",1452.986223,21
"Amitermes_sp_BEC323","K11962","urtABCDE","urea transport",1452.986223,21
"Amitermes_sp_BEC323","K11962","urtABCDE","urea transport",1452.986223,21
"Amitermes_sp_BEC323","K11962","urtABCDE","urea transport",242.822662,10
"Amitermes_sp_BEC323","K11962","urtABCDE","urea transport",1229.254836,21
"Amitermes_sp_BEC323","K00925","ack","reductive acetogenesis",339.951727,14
"Amitermes_sp_BEC323","K00362","nirBD","dissimilatory nitrate reduction",928.524428,30
"Amitermes_sp_BEC323","K11962","urtABCDE","urea transport",187.992298,38
"Amitermes_sp_BEC323","K00122","fdhF","reductive acetogenesis",303.199396,25
"Amitermes_sp_BEC323","K11963","urtABCDE","urea transport",513.604748,132
"Amitermes_sp_BEC323","K11962","urtABCDE","urea transport",513.604748,132
"Amitermes_sp_BEC323","K00395","aprAB","sulfate reduction",646.821549,113
"Amitermes_sp_BEC323","K00265","gltBD","glutamate synthesis",586.242244,53
"Amitermes_sp_BEC323","K00266","gltBD","glutamate synthesis",470.363186,19
"Amitermes_sp_BEC323","K11963","urtABCDE","urea transport",656.198447,195
"Amitermes_sp_BEC323","K11962","urtABCDE","urea transport",299.424668,51
"Amitermes_sp_BEC323","K11180","dsrAB","sulfate reduction",713.275588,149
"Amitermes_sp_BEC323","K11962","urtABCDE","urea transport",488.383727,12
"Amitermes_sp_BEC323","K00395","aprAB","sulfate reduction",347.366933,64
"Amitermes_sp_BEC323","K11962","urtABCDE","urea transport",227.063264,18
"Amitermes_sp_BEC323","K11962","urtABCDE","urea transport",268.17821,12
"Amitermes_sp_BEC323","K11962","urtABCDE","urea transport",636.198582,22
"Amitermes_sp_BEC323","K11960","urtABCDE","urea transport",636.198582,22
"Amitermes_sp_BEC323","K11962","urtABCDE","urea transport",435.146424,139
"Amitermes_sp_BEC323","K11962","urtABCDE","urea transport",184.700083,12
"Amitermes_sp_BEC323","K11959","urtABCDE","urea transport",302.840563,8
"Amitermes_sp_BEC323","K00362","nirBD","dissimilatory nitrate reduction",129.014865,21
"Amitermes_sp_BEC323","K00266","gltBD","glutamate synthesis",129.014865,21
"Amitermes_sp_BEC323","K11962","urtABCDE","urea transport",767.185638,4
"Amitermes_sp_BEC323","K00395","aprAB","sulfate reduction",226.563618,14
"Amitermes_sp_BEC323","K11962","urtABCDE","urea transport",428.400939,19
"Amitermes_sp_BEC323","K00194","acsABCDE","reductive acetogenesis",185.976153,16
"Amitermes_sp_BEC323","K11963","urtABCDE","urea transport",652.801514,5
"Amitermes_sp_BEC323","K00395","aprAB","sulfate reduction",285.527685,45
"Amitermes_sp_BEC323","K11963","urtABCDE","urea transport",675.358562,2
"Amitermes_sp_BEC323","K00926","arcC","arginine synthesis",437.753377,8
"Amitermes_sp_BEC323","K00611","argFGH","arginine synthesis",437.753377,8
"Amitermes_sp_BEC323","K11962","urtABCDE","urea transport",611.989848,20
"Amitermes_sp_BEC323","K11962","urtABCDE","urea transport",611.989848,20
"Amitermes_sp_BEC323","K11963","urtABCDE","urea transport",174.465474,37
"Amitermes_sp_BEC323","K11962","urtABCDE","urea transport",174.465474,37
"Amitermes_sp_BEC323","K11962","urtABCDE","urea transport",390.621142,26
"Amitermes_sp_BEC323","K00395","aprAB","sulfate reduction",174.159482,8
"Amitermes_sp_BEC323","K00395","aprAB","sulfate reduction",584.223002,18
"Amitermes_sp_BEC323","K11960","urtABCDE","urea transport",527.448587,11
"Amitermes_sp_BEC323","K00266","gltBD","glutamate synthesis",832.733705,68
"Amitermes_sp_BEC323","K11962","urtABCDE","urea transport",586.425615,4
"Amitermes_sp_BEC323","K11962","urtABCDE","urea transport",0,0
"Amitermes_sp_BEC323","K11962","urtABCDE","urea transport",327.456647,9
"Amitermes_sp_BEC323","K11962","urtABCDE","urea transport",270.430021,18
"Amitermes_sp_BEC323","K11959","urtABCDE","urea transport",795.868345,171
"Amitermes_sp_BEC323","K00265","gltBD","glutamate synthesis",795.868345,171
"Amitermes_sp_BEC323","K11962","urtABCDE","urea transport",570.275083,18
"Amitermes_sp_BEC323","K11962","urtABCDE","urea transport",377.850876,8
"Amitermes_sp_BEC323","K11962","urtABCDE","urea transport",693.415678,125
"Amitermes_sp_BEC323","K11962","urtABCDE","urea transport",1189.585656,65
"Amitermes_sp_BEC323","K00266","gltBD","glutamate synthesis",1189.585656,65
"Amitermes_sp_BEC323","K11962","urtABCDE","urea transport",842.265899,21
"Amitermes_sp_BEC323","K11962","urtABCDE","urea transport",635.582032,37
"Amitermes_sp_BEC323","K11962","urtABCDE","urea transport",635.582032,37
"Amitermes_sp_BEC323","K11962","urtABCDE","urea transport",819.503224,14
"Amitermes_sp_BEC323","K00122","fdhF","reductive acetogenesis",395.344513,26
"Amitermes_sp_BEC323","K00197","acsABCDE","reductive acetogenesis",672.898194,151
"Amitermes_sp_BEC323","K11962","urtABCDE","urea transport",633.338256,11
"Amitermes_sp_BEC323","K11962","urtABCDE","urea transport",1141.815645,76
"Amitermes_sp_BEC323","K11960","urtABCDE","urea transport",220.656162,9
"Amitermes_sp_BEC323","K11962","urtABCDE","urea transport",150.050161,11
"Amitermes_sp_BEC323","K00611","argFGH","arginine synthesis",516.38309,6
"Amitermes_sp_BEC323","K11963","urtABCDE","urea transport",236.156797,5
"Amitermes_sp_BEC323","K00926","arcC","arginine synthesis",810.095758,5
"Amitermes_sp_BEC323","K00611","argFGH","arginine synthesis",810.095758,5
"Amitermes_sp_BEC323","K11963","urtABCDE","urea transport",1659.767284,4
"Amitermes_sp_BEC323","K00395","aprAB","sulfate reduction",133.76871,8
"Amitermes_sp_BEC323","K11962","urtABCDE","urea transport",563.538786,18
"Amitermes_sp_BEC323","K00266","gltBD","glutamate synthesis",592.325223,156
"Amitermes_sp_BEC323","K11962","urtABCDE","urea transport",592.325223,156
"Amitermes_sp_BEC323","K00611","argFGH","arginine synthesis",735.979137,68
"Amitermes_sp_BEC323","K11962","urtABCDE","urea transport",735.979137,68
"Amitermes_sp_BEC323","K00266","gltBD","glutamate synthesis",308.803412,58
"Amitermes_sp_BEC323","K00395","aprAB","sulfate reduction",315.501691,21
"Amitermes_sp_BEC323","K11962","urtABCDE","urea transport",246.906627,45
"Amitermes_sp_BEC323","K11962","urtABCDE","urea transport",246.906627,45
"Amitermes_sp_BEC323","K11963","urtABCDE","urea transport",382.546425,9
"Amitermes_sp_BEC323","K11963","urtABCDE","urea transport",2137.870868,12
"Amitermes_sp_BEC323","K11962","urtABCDE","urea transport",208.393097,20
"Amitermes_sp_BEC323","K11963","urtABCDE","urea transport",209.035429,13
"Amitermes_sp_BEC323","K00265","gltBD","glutamate synthesis",414.554817,3
"Amitermes_sp_BEC323","K11960","urtABCDE","urea transport",253.889461,17
"Amitermes_sp_BEC323","K00266","gltBD","glutamate synthesis",219.733094,30
"Amitermes_sp_BEC323","K11962","urtABCDE","urea transport",416.218001,16
"Amitermes_sp_BEC323","K00122","fdhF","reductive acetogenesis",670.378639,75
"Amitermes_sp_BEC323","K00370","narGHI","dissimilatory nitrate reduction",267.537421,16
"Amitermes_sp_BEC323","K00266","gltBD","glutamate synthesis",1190.470185,11
"Amitermes_sp_BEC323","K00194","acsABCDE","reductive acetogenesis",300.100321,22
"Amitermes_sp_BEC323","K00926","arcC","arginine synthesis",198.944946,1
"Amitermes_sp_BEC323","K11962","urtABCDE","urea transport",518.625204,44
"Amitermes_sp_BEC323","K00395","aprAB","sulfate reduction",944.62719,20
"Amitermes_sp_BEC323","K00926","arcC","arginine synthesis",716.09426,9
"Amitermes_sp_BEC323","K00266","gltBD","glutamate synthesis",640.612033,76
"Amitermes_sp_BEC323","K11962","urtABCDE","urea transport",162.316714,23
"Amitermes_sp_BEC323","K11962","urtABCDE","urea transport",585.961616,193
"Amitermes_sp_BEC323","K11962","urtABCDE","urea transport",585.961616,193
"Amitermes_sp_BEC323","K11962","urtABCDE","urea transport",585.961616,193
"Amitermes_sp_BEC323","K11962","urtABCDE","urea transport",585.961616,193
"Amitermes_sp_BEC323","K11962","urtABCDE","urea transport",585.961616,193
"Amitermes_sp_BEC323","K00611","argFGH","arginine synthesis",225.850688,5
"Amitermes_sp_BEC323","K00395","aprAB","sulfate reduction",230.895673,43
"Amitermes_sp_BEC323","K11962","urtABCDE","urea transport",236.29744,27
"Amitermes_sp_BEC323","K00371","narGHI","dissimilatory nitrate reduction",353.39063,5
"Amitermes_sp_BEC323","K00362","nirBD","dissimilatory nitrate reduction",716.668611,44
"Amitermes_sp_BEC323","K11963","urtABCDE","urea transport",248.399302,19
"Amitermes_sp_BEC323","K11962","urtABCDE","urea transport",875.506754,16
"Amitermes_sp_BEC323","K00395","aprAB","sulfate reduction",875.506754,16
"Amitermes_sp_BEC323","K11962","urtABCDE","urea transport",166.098526,45
"Amitermes_sp_BEC323","K11962","urtABCDE","urea transport",3458.792733,137
"Amitermes_sp_BEC323","K11962","urtABCDE","urea transport",1837.617511,24
"Amitermes_sp_BEC323","K11962","urtABCDE","urea transport",1837.617511,24
"Amitermes_sp_BEC323","K11962","urtABCDE","urea transport",176.275284,50
"Amitermes_sp_BEC323","K00395","aprAB","sulfate reduction",101.958987,1
"Amitermes_sp_BEC323","K00395","aprAB","sulfate reduction",309.641713,93
"Amitermes_sp_BEC323","K00611","argFGH","arginine synthesis",424.362215,21
"Amitermes_sp_BEC323","K11962","urtABCDE","urea transport",1149.416803,1
"Amitermes_sp_BEC323","K11962","urtABCDE","urea transport",367.193909,12
"Amitermes_sp_BEC323","K11962","urtABCDE","urea transport",322.47257,33
"Amitermes_sp_BEC323","K00198","acsABCDE","reductive acetogenesis",230.576535,50
"Amitermes_sp_BEC323","K11962","urtABCDE","urea transport",260.533639,22
"Amitermes_sp_BEC323","K11962","urtABCDE","urea transport",99.009983,6
"Amitermes_sp_BEC323","K11181","dsrAB","sulfate reduction",428.946785,85
"Amitermes_sp_BEC323","K00266","gltBD","glutamate synthesis",222.273638,14
"Amitermes_sp_BEC323","K11962","urtABCDE","urea transport",357.185399,7
"Amitermes_sp_BEC323","K00925","ack","reductive acetogenesis",765.556283,110
"Amitermes_sp_BEC323","K00370","narGHI","dissimilatory nitrate reduction",765.556283,110
"Amitermes_sp_BEC323","K11962","urtABCDE","urea transport",260.484114,83
"Amitermes_sp_BEC323","K11962","urtABCDE","urea transport",198.536779,38
"Amitermes_sp_BEC323","K11962","urtABCDE","urea transport",198.536779,38
"Amitermes_sp_BEC323","K00266","gltBD","glutamate synthesis",215.114603,15
"Amitermes_sp_BEC323","K11962","urtABCDE","urea transport",1765.875117,27
"Amitermes_sp_BEC323","K11962","urtABCDE","urea transport",1765.875117,27
"Amitermes_sp_BEC323","K00395","aprAB","sulfate reduction",928.410271,64
"Amitermes_sp_BEC323","K11959","urtABCDE","urea transport",650.231445,88
"Amitermes_sp_BEC323","K00371","narGHI","dissimilatory nitrate reduction",86012.133775,773.858
"Amitermes_sp_BEC323","K00266","gltBD","glutamate synthesis",650.653227,34
"Amitermes_sp_BEC323","K00625","pta","reductive acetogenesis",650.653227,34
"Amitermes_sp_BEC323","K00266","gltBD","glutamate synthesis",396.244142,27
"Amitermes_sp_BEC334","K11962","urtABCDE","urea transport",8925.271151,5
"Amitermes_sp_BEC334","K00266","gltBD","glutamate synthesis",2762.431445,20
"Amitermes_sp_BEC334","K11962","urtABCDE","urea transport",1910.263416,3
"Amitermes_sp_BEC334","K11962","urtABCDE","urea transport",2867.302538,13
"Amitermes_sp_BEC334","K11962","urtABCDE","urea transport",2014.325807,25
"Amitermes_sp_BEC334","K11962","urtABCDE","urea transport",2014.325807,25
"Amitermes_sp_BEC334","K00611","argFGH","arginine synthesis",2722.503112,13
"Amitermes_sp_BEC334","K00925","ack","reductive acetogenesis",17654.706875,8
"Amitermes_sp_BEC334","K00395","aprAB","sulfate reduction",3485.413155,9
"Amitermes_sp_BEC334","K11962","urtABCDE","urea transport",2535.223113,10
"Amitermes_sp_BEC334","K00266","gltBD","glutamate synthesis",4670.997482,7
"D_gayi_BEC328","K11962","urtABCDE","urea transport",1566.122722,1
"D_gayi_BEC328","K11962","urtABCDE","urea transport",760.223147,10
"D_gayi_BEC328","K11962","urtABCDE","urea transport",1459.194297,23
"D_gayi_BEC328","K11962","urtABCDE","urea transport",1265.663253,9
"D_gayi_BEC328","K11962","urtABCDE","urea transport",1265.663253,9
"D_gayi_BEC328","K11962","urtABCDE","urea transport",6641.102664,12
"D_gayi_BEC328","K00926","arcC","arginine synthesis",901.78045,18
"D_gayi_BEC328","K11962","urtABCDE","urea transport",1045.447293,5
"D_gayi_BEC328","K11962","urtABCDE","urea transport",2112.455841,38
"D_gayi_BEC328","K11962","urtABCDE","urea transport",4065.698453,13
"D_gayi_BEC328","K00395","aprAB","sulfate reduction",4065.698453,13
"D_gayi_BEC328","K11962","urtABCDE","urea transport",4065.698453,13
"D_gayi_BEC328","K00402","mcrABG","methanogenesis",1852.5019,51
"D_gayi_BEC328","K11962","urtABCDE","urea transport",3803.671917,36
"D_gayi_BEC328","K11962","urtABCDE","urea transport",1376.066455,16
"D_gayi_BEC328","K11962","urtABCDE","urea transport",5414.852772,25
"D_gayi_BEC328","K00395","aprAB","sulfate reduction",2015.568768,26
"D_gayi_BEC328","K11962","urtABCDE","urea transport",868.612497,8
"D_gayi_BEC328","K00362","nirBD","dissimilatory nitrate reduction",1666.606498,18
"D_gayi_BEC328","K11962","urtABCDE","urea transport",1931.193984,27
"D_gayi_BEC328","K11963","urtABCDE","urea transport",821.364074,20
"D_gayi_BEC328","K11962","urtABCDE","urea transport",2660.680504,46
"D_gayi_BEC328","K00266","gltBD","glutamate synthesis",2321.952321,7
"D_gayi_BEC328","K00362","nirBD","dissimilatory nitrate reduction",2321.952321,7
"D_gayi_BEC328","K00395","aprAB","sulfate reduction",917.313118,13
"D_gayi_BEC329","K11962","urtABCDE","urea transport",902.210914,21
"D_gayi_BEC329","K11962","urtABCDE","urea transport",1621.580954,64
"D_gayi_BEC329","K00611","argFGH","arginine synthesis",772.119018,101
"D_gayi_BEC329","K11962","urtABCDE","urea transport",789.773418,85
"D_gayi_BEC329","K11962","urtABCDE","urea transport",417.02555,24
"D_gayi_BEC329","K00266","gltBD","glutamate synthesis",720.280016,7
"D_gayi_BEC329","K00395","aprAB","sulfate reduction",0,0
"D_gayi_BEC329","K00395","aprAB","sulfate reduction",798.844306,12
"D_gayi_BEC329","K00402","mcrABG","methanogenesis",845.305188,119
"D_gayi_BEC329","K00395","aprAB","sulfate reduction",829.368833,13
"D_gayi_BEC329","K11962","urtABCDE","urea transport",524.445496,50
"D_gayi_BEC329","K11962","urtABCDE","urea transport",2094.482037,2
"D_gayi_BEC329","K11962","urtABCDE","urea transport",353.832128,17
"D_gayi_BEC329","K00297","metF","reductive acetogenesis",1135.987082,10
"D_gayi_BEC329","K11962","urtABCDE","urea transport",535.433066,40
"D_gayi_BEC329","K11962","urtABCDE","urea transport",405.627838,13
"D_gayi_BEC329","K00395","aprAB","sulfate reduction",3763.640435,85
"D_gayi_BEC329","K11962","urtABCDE","urea transport",515.80471,4
"D_gayi_BEC329","K00611","argFGH","arginine synthesis",515.80471,4
"D_gayi_BEC329","K11962","urtABCDE","urea transport",515.80471,4
"D_gayi_BEC329","K00395","aprAB","sulfate reduction",649.282666,47
"D_gayi_BEC329","K00395","aprAB","sulfate reduction",540.637927,7
"D_gayi_BEC329","K11962","urtABCDE","urea transport",1042.878295,134
"D_gayi_BEC329","K11962","urtABCDE","urea transport",1042.878295,134
"D_gayi_BEC329","K11962","urtABCDE","urea transport",545.614585,1
"D_gayi_BEC329","K11181","dsrAB","sulfate reduction",895.791927,5
"D_gayi_BEC329","K00371","narGHI","dissimilatory nitrate reduction",281.870517,14
"D_gayi_BEC329","K11962","urtABCDE","urea transport",680.167316,68
"D_gayi_BEC329","K11962","urtABCDE","urea transport",680.167316,68
"D_gayi_BEC329","K11962","urtABCDE","urea transport",573.610938,8
"D_gayi_BEC329","K00297","metF","reductive acetogenesis",822.574929,42
"D_gayi_BEC329","K11962","urtABCDE","urea transport",405.627838,13
"D_gayi_BEC329","K11963","urtABCDE","urea transport",581.546474,13
"D_gayi_BEC329","K00266","gltBD","glutamate synthesis",1386.11424,26
"D_gayi_BEC329","K11963","urtABCDE","urea transport",1360.554555,15
"D_gayi_BEC329","K11959","urtABCDE","urea transport",641.412351,17
"D_gayi_BEC329","K11962","urtABCDE","urea transport",433.073754,19
"D_gayi_BEC329","K11962","urtABCDE","urea transport",645.120124,114
"D_gayi_BEC329","K00266","gltBD","glutamate synthesis",1749.251467,17
"D_gayi_BEC329","K00926","arcC","arginine synthesis",692.247934,11
"D_gayi_BEC329","K00266","gltBD","glutamate synthesis",2030.806662,6
"D_gayi_BEC329","K00194","acsABCDE","reductive acetogenesis",1055.850071,17
"D_gayi_BEC329","K11962","urtABCDE","urea transport",718.497275,13
"D_gayi_BEC329","K00925","ack","reductive acetogenesis",692.990496,59
"D_gayi_BEC329","K11962","urtABCDE","urea transport",635.852535,22
"D_gayi_BEC329","K11962","urtABCDE","urea transport",403.607563,44
"D_gayi_BEC329","K11962","urtABCDE","urea transport",467.043168,18
"D_gayi_BEC329","K11963","urtABCDE","urea transport",1061.830198,36
"D_gayi_BEC329","K11963","urtABCDE","urea transport",629.720658,45
"D_gayi_BEC329","K11962","urtABCDE","urea transport",422.126913,24
"D_gayi_BEC329","K00394","aprAB","sulfate reduction",476.990756,52
"D_gayi_BEC329","K11962","urtABCDE","urea transport",512.592295,56
"D_gayi_BEC329","K00266","gltBD","glutamate synthesis",375.396681,27
"D_gayi_BEC329","K11962","urtABCDE","urea transport",632.121869,27
"D_gayi_BEC329","K00395","aprAB","sulfate reduction",597.160308,19
"D_gayi_BEC329","K00958","sat","sulfate reduction",634.925459,7
"D_gayi_BEC329","K11962","urtABCDE","urea transport",481.406846,19
"D_gayi_BEC329","K00611","argFGH","arginine synthesis",412.081223,7
"D_gayi_BEC329","K11962","urtABCDE","urea transport",599.50373,32
"D_gayi_BEC329","K11963","urtABCDE","urea transport",1085.933016,99
"D_gayi_BEC329","K11962","urtABCDE","urea transport",683.062229,23
"D_gayi_BEC329","K00194","acsABCDE","reductive acetogenesis",524.992925,15
"D_gayi_BEC330","K00395","aprAB","sulfate reduction",2936.233388,12
"D_gayi_BEC330","K00926","arcC","arginine synthesis",1976.035353,18
"D_gayi_BEC330","K11963","urtABCDE","urea transport",4300.301844,7
"D_gayi_BEC330","K11962","urtABCDE","urea transport",1806.539626,54
"D_gayi_BEC330","K11962","urtABCDE","urea transport",985.282115,23
"D_gayi_BEC330","K00266","gltBD","glutamate synthesis",2957.685504,14
"D_gayi_BEC330","K00611","argFGH","arginine synthesis",2471.563281,47
"D_gayi_BEC330","K00395","aprAB","sulfate reduction",2418.475276,5
"D_gayi_BEC330","K11962","urtABCDE","urea transport",2690.025641,34
"D_gayi_BEC330","K00266","gltBD","glutamate synthesis",2452.658813,8
"D_gayi_BEC330","K00266","gltBD","glutamate synthesis",1646.735877,12
"D_gayi_BEC330","K00362","nirBD","dissimilatory nitrate reduction",1646.735877,12
"D_gayi_BEC330","K11962","urtABCDE","urea transport",2735.577476,19
"D_gayi_BEC330","K00611","argFGH","arginine synthesis",1384.9777,22
"D_gayi_BEC330","K11962","urtABCDE","urea transport",2164.327339,26
"D_gayi_BEC330","K11962","urtABCDE","urea transport",1873.522003,24
"D_gayi_BEC330","K00926","arcC","arginine synthesis",1934.389664,25
"D_gayi_BEC330","K00611","argFGH","arginine synthesis",1934.389664,25
"D_gayi_BEC330","K11962","urtABCDE","urea transport",1756.515007,13
"D_gayi_BEC330","K00925","ack","reductive acetogenesis",2081.786402,16
"D_gayi_BEC330","K00925","ack","reductive acetogenesis",2081.786402,16
"D_gayi_BEC330","K11962","urtABCDE","urea transport",2866.124382,39
"D_gayi_BEC330","K11963","urtABCDE","urea transport",7144.579079,6
"D_gayi_BEC330","K11962","urtABCDE","urea transport",1107.657617,14
"D_gayi_BEC330","K11962","urtABCDE","urea transport",1791.589554,10
"D_gayi_BEC330","K11963","urtABCDE","urea transport",1557.094417,25
"D_gayi_BEC330","K11962","urtABCDE","urea transport",1818.339721,4
"D_gayi_BEC330","K11962","urtABCDE","urea transport",2347.717645,27
"D_gayi_BEC330","K00611","argFGH","arginine synthesis",2347.717645,27
"D_gayi_BEC330","K11963","urtABCDE","urea transport",4010.524405,9
"D_perniger_BEC341","K11962","urtABCDE","urea transport",8358.498707,2
"D_perniger_BEC341","K15023","acsABCDE","reductive acetogenesis",1038.487447,15
"D_perniger_BEC341","K11962","urtABCDE","urea transport",1193.87222,48
"D_perniger_BEC341","K11962","urtABCDE","urea transport",1193.87222,48
"D_perniger_BEC341","K11962","urtABCDE","urea transport",1423.167836,9
"D_perniger_BEC341","K00266","gltBD","glutamate synthesis",1176.367904,25
"D_perniger_BEC341","K00395","aprAB","sulfate reduction",2567.748803,7
"D_perniger_BEC341","K11962","urtABCDE","urea transport",1703.442029,25
"D_perniger_BEC341","K00122","fdhF","reductive acetogenesis",1275.70621,13
"D_perniger_BEC341","K00395","aprAB","sulfate reduction",1259.93889,22
"D_perniger_BEC341","K11962","urtABCDE","urea transport",1832.894628,12
"D_perniger_BEC341","K00395","aprAB","sulfate reduction",1102.641393,48
"D_perniger_BEC341","K11962","urtABCDE","urea transport",1607.872036,18
"D_perniger_BEC341","K11962","urtABCDE","urea transport",1607.872036,18
"D_perniger_BEC341","K11960","urtABCDE","urea transport",1109.816186,15
"D_perniger_BEC341","K11962","urtABCDE","urea transport",1109.816186,15
"D_perniger_BEC341","K00395","aprAB","sulfate reduction",1300.45997,6
"D_perniger_BEC341","K11962","urtABCDE","urea transport",2420.344173,96
"D_perniger_BEC341","K11962","urtABCDE","urea transport",4156.082475,6
"D_perniger_BEC341","K11960","urtABCDE","urea transport",1781.231935,30
"D_perniger_BEC341","K11963","urtABCDE","urea transport",1285.530493,49
"D_perniger_BEC341","K00395","aprAB","sulfate reduction",1147.745157,37
"D_perniger_BEC341","K00395","aprAB","sulfate reduction",1785.372918,10
"D_perniger_BEC341","K00266","gltBD","glutamate synthesis",1467.829592,17
"D_perniger_BEC341","K11962","urtABCDE","urea transport",812.579604,14
"D_perniger_BEC341","K11962","urtABCDE","urea transport",800.125995,11
"D_perniger_BEC341","K11962","urtABCDE","urea transport",800.125995,11
"D_perniger_BEC341","K00266","gltBD","glutamate synthesis",924.429187,9
"D_perniger_BEC341","K11962","urtABCDE","urea transport",1003.389846,11
"D_perniger_BEC341","K11962","urtABCDE","urea transport",881.926888,30
"D_perniger_BEC341","K00395","aprAB","sulfate reduction",1609.61356,4
"D_perniger_BEC341","K00395","aprAB","sulfate reduction",1040.388272,37
"D_perniger_BEC341","K00611","argFGH","arginine synthesis",1719.789852,10
"D_perniger_BEC341","K00395","aprAB","sulfate reduction",1603.518792,15
"D_perniger_BEC341","K11962","urtABCDE","urea transport",1523.640682,18
"D_perniger_BEC341","K00266","gltBD","glutamate synthesis",1335.212823,26
"D_perniger_BEC341","K11963","urtABCDE","urea transport",1338.887446,24
"D_perniger_BEC341","K11962","urtABCDE","urea transport",2479.232042,23
"D_perniger_BEC341","K11962","urtABCDE","urea transport",1306.462639,50
"D_perniger_BEC341","K11962","urtABCDE","urea transport",907.210253,27
"D_perniger_BEC341","K11962","urtABCDE","urea transport",1204.486537,16
"D_perniger_BEC341","K00197","acsABCDE","reductive acetogenesis",4004.442256,18
"D_perniger_BEC341","K00197","acsABCDE","reductive acetogenesis",4004.442256,18
"D_perniger_BEC341","K11960","urtABCDE","urea transport",1430.201575,3
"D_perniger_BEC341","K00266","gltBD","glutamate synthesis",990.474469,14
"D_perniger_BEC341","K11962","urtABCDE","urea transport",1456.097493,35
"D_perniger_BEC341","K11963","urtABCDE","urea transport",1555.650115,2
"D_perniger_BEC341","K11962","urtABCDE","urea transport",1597.745268,13
"D_perniger_BEC341","K11960","urtABCDE","urea transport",949.990365,16
"D_perniger_BEC341","K11960","urtABCDE","urea transport",949.990365,16
"D_perniger_BEC341","K00611","argFGH","arginine synthesis",1118.2796,12
"D_perniger_BEC341","K11962","urtABCDE","urea transport",1060.244317,10
"D_perniger_BEC341","K11962","urtABCDE","urea transport",927.777938,34
"D_perniger_BEC341","K00395","aprAB","sulfate reduction",2175.409392,8
"D_perniger_BEC341","K00925","ack","reductive acetogenesis",995.925319,14
"D_perniger_BEC341","K00925","ack","reductive acetogenesis",995.925319,14
"D_perniger_BEC341","K11962","urtABCDE","urea transport",1003.525521,10
"D_perniger_BEC342","K11962","urtABCDE","urea transport",1920.555674,5
"D_perniger_BEC342","K11962","urtABCDE","urea transport",804.06434,21
"D_perniger_BEC342","K11962","urtABCDE","urea transport",1471.419937,17
"D_perniger_BEC342","K11962","urtABCDE","urea transport",1471.419937,17
"D_perniger_BEC342","K11962","urtABCDE","urea transport",3295.284851,3
"D_perniger_BEC342","K11962","urtABCDE","urea transport",1678.664349,7
"D_perniger_BEC342","K11962","urtABCDE","urea transport",1678.664349,7
"D_perniger_BEC342","K11963","urtABCDE","urea transport",1272.46378,64
"D_perniger_BEC342","K00297","metF","reductive acetogenesis",1355.311504,17
"D_perniger_BEC342","K11962","urtABCDE","urea transport",838.577923,27
"D_perniger_BEC342","K11962","urtABCDE","urea transport",2383.295788,55
"D_perniger_BEC342","K00395","aprAB","sulfate reduction",2383.295788,55
"D_perniger_BEC342","K11963","urtABCDE","urea transport",2383.295788,55
"D_perniger_BEC342","K11959","urtABCDE","urea transport",1989.405899,22
"D_perniger_BEC342","K11962","urtABCDE","urea transport",1374.02767,49
"D_perniger_BEC342","K11962","urtABCDE","urea transport",867.281525,24
"D_perniger_BEC342","K11962","urtABCDE","urea transport",1703.004594,21
"D_perniger_BEC342","K11962","urtABCDE","urea transport",1687.215086,35
"D_perniger_BEC342","K11962","urtABCDE","urea transport",2150.692274,25
"D_perniger_BEC342","K11962","urtABCDE","urea transport",1537.268195,17
"D_perniger_BEC342","K00395","aprAB","sulfate reduction",1359.901189,16
"D_perniger_BEC342","K11962","urtABCDE","urea transport",1216.431853,15
"D_perniger_BEC342","K11962","urtABCDE","urea transport",2096.157758,38
"D_perniger_BEC342","K11962","urtABCDE","urea transport",1459.131187,6
"D_perniger_BEC342","K11962","urtABCDE","urea transport",1654.653366,19
"D_perniger_BEC342","K11962","urtABCDE","urea transport",1493.055045,22
"D_perniger_BEC342","K11181","dsrAB","sulfate reduction",1484.641225,52
"D_perniger_BEC342","K00395","aprAB","sulfate reduction",2223.239756,7
"D_perniger_BEC342","K00371","narGHI","dissimilatory nitrate reduction",1655.43408,32
"D_perniger_BEC342","K00266","gltBD","glutamate synthesis",1713.286203,29
"D_perniger_BEC342","K11962","urtABCDE","urea transport",935.597009,12
"D_perniger_BEC342","K11962","urtABCDE","urea transport",1776.476301,9
"D_perniger_BEC342","K11962","urtABCDE","urea transport",1776.476301,9
"D_perniger_BEC342","K11962","urtABCDE","urea transport",1776.476301,9
"D_perniger_BEC342","K11962","urtABCDE","urea transport",0,0
"D_perniger_BEC342","K11960","urtABCDE","urea transport",1775.658349,17
"D_perniger_BEC342","K11962","urtABCDE","urea transport",1103.621364,4
"D_perniger_BEC342","K11962","urtABCDE","urea transport",0,0
"D_perniger_BEC342","K11962","urtABCDE","urea transport",1584.435849,2
"D_perniger_BEC342","K11962","urtABCDE","urea transport",1592.959603,38
"D_perniger_BEC343","K11962","urtABCDE","urea transport",648.775948,13
"D_perniger_BEC343","K15023","acsABCDE","reductive acetogenesis",1275.876511,15
"D_perniger_BEC343","K11181","dsrAB","sulfate reduction",2434.693874,21
"D_perniger_BEC343","K00194","acsABCDE","reductive acetogenesis",506.755468,5
"D_perniger_BEC343","K00266","gltBD","glutamate synthesis",4634.777974,130
"D_perniger_BEC343","K00395","aprAB","sulfate reduction",4634.777974,130
"D_perniger_BEC343","K00395","aprAB","sulfate reduction",4634.777974,130
"D_perniger_BEC343","K00395","aprAB","sulfate reduction",966.952035,1
"D_perniger_BEC343","K00122","fdhF","reductive acetogenesis",3103.790682,77
"D_perniger_BEC343","K11963","urtABCDE","urea transport",2108.193967,69
"D_perniger_BEC343","K15023","acsABCDE","reductive acetogenesis",1527.894323,135
"D_perniger_BEC343","K11963","urtABCDE","urea transport",1943.514198,93
"D_perniger_BEC343","K11962","urtABCDE","urea transport",1559.907818,87
"D_perniger_BEC343","K11963","urtABCDE","urea transport",1574.862137,6
"D_perniger_BEC343","K00371","narGHI","dissimilatory nitrate reduction",2121.851707,45
"D_perniger_BEC343","K00297","metF","reductive acetogenesis",2159.83703,46
"D_perniger_BEC343","K00395","aprAB","sulfate reduction",1948.914261,28
"D_perniger_BEC343","K00926","arcC","arginine synthesis",1331.376018,25
"D_perniger_BEC343","K11963","urtABCDE","urea transport",1762.207016,94
"D_perniger_BEC343","K11962","urtABCDE","urea transport",2578.250835,57
"D_perniger_BEC343","K11962","urtABCDE","urea transport",2578.250835,57
"D_perniger_BEC343","K00362","nirBD","dissimilatory nitrate reduction",1604.7428,44
"D_perniger_BEC343","K11962","urtABCDE","urea transport",2390.361217,38
"D_perniger_BEC343","K11962","urtABCDE","urea transport",2390.59197,140
"D_perniger_BEC343","K00394","aprAB","sulfate reduction",3400.658546,12
"D_perniger_BEC343","K00611","argFGH","arginine synthesis",2505.498828,59
"D_perniger_BEC343","K11962","urtABCDE","urea transport",967.998153,6
"D_perniger_BEC343","K15023","acsABCDE","reductive acetogenesis",1894.521585,47
"D_perniger_BEC343","K11962","urtABCDE","urea transport",2299.137246,44
"D_perniger_BEC343","K00194","acsABCDE","reductive acetogenesis",2352.05998,17
"D_perniger_BEC343","K11962","urtABCDE","urea transport",2095.04513,111
"D_perniger_BEC343","K00611","argFGH","arginine synthesis",3333.447895,98
"D_perniger_BEC343","K00370","narGHI","dissimilatory nitrate reduction",1768.654949,123
"D_perniger_BEC343","K11959","urtABCDE","urea transport",1883.841616,33
"D_perniger_BEC343","K11962","urtABCDE","urea transport",2663.008854,13
"D_perniger_BEC343","K11962","urtABCDE","urea transport",1065.53832,9
"D_perniger_BEC343","K00370","narGHI","dissimilatory nitrate reduction",2300.174201,7
"D_perniger_BEC343","K11962","urtABCDE","urea transport",2466.830615,31
"D_perniger_BEC343","K00371","narGHI","dissimilatory nitrate reduction",4938.781872,37
"D_perniger_BEC343","K00395","aprAB","sulfate reduction",4938.781872,37
"D_perniger_BEC343","K11962","urtABCDE","urea transport",872.709822,57
"D_perniger_BEC343","K11962","urtABCDE","urea transport",12554.829302,5
"D_perniger_BEC344","K00958","sat","sulfate reduction",2532.871331,44
"D_perniger_BEC344","K11962","urtABCDE","urea transport",911.40099,16
"D_perniger_BEC344","K00394","aprAB","sulfate reduction",2657.620556,8
"D_perniger_BEC344","K00122","fdhF","reductive acetogenesis",1717.469786,11
"D_perniger_BEC344","K11962","urtABCDE","urea transport",2032.485662,34
"D_perniger_BEC344","K00395","aprAB","sulfate reduction",2189.13648,19
"D_perniger_BEC344","K00395","aprAB","sulfate reduction",4246.58371,12
"D_perniger_BEC344","K11962","urtABCDE","urea transport",1670.402315,13
"D_perniger_BEC344","K00266","gltBD","glutamate synthesis",1755.799717,66
"D_perniger_BEC344","K11962","urtABCDE","urea transport",889.743979,6
"D_perniger_BEC344","K00926","arcC","arginine synthesis",1793.003345,44
"D_perniger_BEC344","K00926","arcC","arginine synthesis",1214.513237,24
"D_perniger_BEC344","K00297","metF","reductive acetogenesis",1732.238903,64
"D_perniger_BEC344","K11962","urtABCDE","urea transport",2403.651549,38
"D_perniger_BEC344","K00362","nirBD","dissimilatory nitrate reduction",3607.13217,4
"D_perniger_BEC344","K00395","aprAB","sulfate reduction",4403.270777,2
"D_perniger_BEC345","K11962","urtABCDE","urea transport",3138.246675,55
"D_perniger_BEC345","K00611","argFGH","arginine synthesis",25812.572418,8
"D_perniger_BEC345","K11959","urtABCDE","urea transport",3048.048147,14
"D_perniger_BEC345","K11962","urtABCDE","urea transport",3311.412307,49
"D_perniger_BEC345","K00395","aprAB","sulfate reduction",7683.469054,12
"D_perniger_BEC345","K11962","urtABCDE","urea transport",7002.439238,57
"D_perniger_BEC345","K00266","gltBD","glutamate synthesis",3778.067035,39
"D_perniger_BEC345","K11962","urtABCDE","urea transport",15796.313391,9
"D_perniger_BEC345","K11963","urtABCDE","urea transport",155373.089893,2
"D_perniger_BEC345","K00611","argFGH","arginine synthesis",10508.324858,54
"D_perniger_BEC345","K11962","urtABCDE","urea transport",10508.324858,54
"D_perniger_BEC345","K11963","urtABCDE","urea transport",10508.324858,54
"D_perniger_BEC345","K11962","urtABCDE","urea transport",3441.556017,19
"D_perniger_BEC346","K00395","aprAB","sulfate reduction",2657.64415,7
"D_perniger_BEC346","K00926","arcC","arginine synthesis",4222.452957,13
"D_perniger_BEC346","K11180","dsrAB","sulfate reduction",749.18328,55
"D_perniger_BEC346","K00266","gltBD","glutamate synthesis",998.212697,51
"D_perniger_BEC346","K11962","urtABCDE","urea transport",1888.60136,9
"D_perniger_BEC346","K00625","pta","reductive acetogenesis",3974.276415,11
"D_perniger_BEC346","K11962","urtABCDE","urea transport",2558.559366,24
"D_perniger_BEC346","K11962","urtABCDE","urea transport",2558.559366,24
"D_perniger_BEC346","K00958","sat","sulfate reduction",1058.616528,11
"D_perniger_BEC346","K00395","aprAB","sulfate reduction",1106.363952,10
"D_perniger_BEC346","K00122","fdhF","reductive acetogenesis",1347.994372,35
"D_perniger_BEC346","K00266","gltBD","glutamate synthesis",0,0
"D_perniger_BEC346","K11962","urtABCDE","urea transport",1486.700906,77
"D_perniger_BEC346","K00925","ack","reductive acetogenesis",1371.096142,5
"D_perniger_BEC346","K00362","nirBD","dissimilatory nitrate reduction",599.874455,12
"D_perniger_BEC346","K00122","fdhF","reductive acetogenesis",1198.37327,44
"D_perniger_BEC346","K11962","urtABCDE","urea transport",2222.641928,10
"D_perniger_BEC346","K00266","gltBD","glutamate synthesis",1102.583479,9
"D_perniger_BEC346","K11962","urtABCDE","urea transport",845.569156,2
"D_perniger_BEC347","K11962","urtABCDE","urea transport",1114.752969,22
"D_perniger_BEC347","K00266","gltBD","glutamate synthesis",1260.240505,95
"D_perniger_BEC347","K00395","aprAB","sulfate reduction",1136.093357,15
"D_perniger_BEC347","K11963","urtABCDE","urea transport",754.167658,84
"D_perniger_BEC347","K11962","urtABCDE","urea transport",687.946435,37
"D_perniger_BEC347","K11962","urtABCDE","urea transport",301.995514,10
"D_perniger_BEC347","K11962","urtABCDE","urea transport",470.645434,51
"D_perniger_BEC347","K11960","urtABCDE","urea transport",516.244877,34
"D_perniger_BEC347","K00394","aprAB","sulfate reduction",783.76459,16
"D_perniger_BEC347","K11962","urtABCDE","urea transport",392.842053,36
"D_perniger_BEC347","K00266","gltBD","glutamate synthesis",426.387208,67
"D_perniger_BEC347","K11962","urtABCDE","urea transport",219.994388,8
"D_perniger_BEC347","K11962","urtABCDE","urea transport",573.930594,35
"D_perniger_BEC347","K00370","narGHI","dissimilatory nitrate reduction",607.887641,31
"D_perniger_BEC347","K00266","gltBD","glutamate synthesis",490.62477,51
"D_perniger_BEC347","K00362","nirBD","dissimilatory nitrate reduction",490.62477,51
"D_perniger_BEC347","K11963","urtABCDE","urea transport",590.361731,94
"D_perniger_BEC347","K11962","urtABCDE","urea transport",342.062184,18
"D_perniger_BEC347","K00266","gltBD","glutamate synthesis",324.827554,14
"D_perniger_BEC347","K11962","urtABCDE","urea transport",438.500589,30
"D_perniger_BEC347","K11960","urtABCDE","urea transport",438.500589,30
"D_perniger_BEC347","K11960","urtABCDE","urea transport",452.993272,15
"D_perniger_BEC347","K11962","urtABCDE","urea transport",528.427306,5
"D_perniger_BEC347","K00362","nirBD","dissimilatory nitrate reduction",845.48369,8
"D_perniger_BEC347","K00266","gltBD","glutamate synthesis",845.48369,8
"D_perniger_BEC347","K00395","aprAB","sulfate reduction",438.623027,35
"D_perniger_BEC347","K11962","urtABCDE","urea transport",890.319775,27
"D_perniger_BEC347","K00611","argFGH","arginine synthesis",1108.311506,8
"D_perniger_BEC347","K11963","urtABCDE","urea transport",1828.770946,28
"D_perniger_BEC347","K11963","urtABCDE","urea transport",535.715275,69
"D_perniger_BEC347","K11962","urtABCDE","urea transport",705.258475,34
"D_perniger_BEC347","K00265","gltBD","glutamate synthesis",319.947982,10
"D_perniger_BEC347","K00395","aprAB","sulfate reduction",600.563383,27
"D_perniger_BEC347","K00266","gltBD","glutamate synthesis",600.563383,27
"D_perniger_BEC347","K11962","urtABCDE","urea transport",660.433645,9
"D_perniger_BEC347","K00266","gltBD","glutamate synthesis",440.312509,20
"D_perniger_BEC347","K11962","urtABCDE","urea transport",2225.085502,3
"D_perniger_BEC347","K11962","urtABCDE","urea transport",520.569585,39
"D_perniger_BEC347","K11959","urtABCDE","urea transport",1286.319535,65
"D_perniger_BEC347","K00374","narGHI","dissimilatory nitrate reduction",1286.319535,65
"D_perniger_BEC347","K11962","urtABCDE","urea transport",1798.952132,2
"D_perniger_BEC347","K11962","urtABCDE","urea transport",837.082928,9
"D_perniger_BEC347","K11962","urtABCDE","urea transport",350.130734,49
"D_perniger_BEC347","K11962","urtABCDE","urea transport",350.130734,49
"D_perniger_BEC347","K11962","urtABCDE","urea transport",350.130734,49
"D_perniger_BEC347","K11962","urtABCDE","urea transport",350.130734,49
"D_perniger_BEC347","K11962","urtABCDE","urea transport",877.384455,37
"D_perniger_BEC347","K00194","acsABCDE","reductive acetogenesis",946.469397,2
"D_perniger_BEC347","K00371","narGHI","dissimilatory nitrate reduction",726.250852,34
"D_perniger_BEC347","K11962","urtABCDE","urea transport",315.16315,19
"D_perniger_BEC347","K00395","aprAB","sulfate reduction",784.446506,83
"D_perniger_BEC347","K00122","fdhF","reductive acetogenesis",1006.885575,24
"D_perniger_BEC347","K11962","urtABCDE","urea transport",573.538465,15
"D_perniger_BEC347","K00395","aprAB","sulfate reduction",369.241779,16
"D_perniger_BEC347","K11962","urtABCDE","urea transport",1223.280889,130
"D_perniger_BEC347","K11962","urtABCDE","urea transport",1223.280889,130
"D_perniger_BEC347","K00395","aprAB","sulfate reduction",647.198635,79
"D_perniger_BEC347","K11963","urtABCDE","urea transport",552.402889,41
"D_perniger_BEC347","K15023","acsABCDE","reductive acetogenesis",1101.81985,48
"D_perniger_BEC347","K11960","urtABCDE","urea transport",572.724997,3
"D_perniger_BEC347","K11960","urtABCDE","urea transport",572.724997,3
"D_perniger_BEC347","K11963","urtABCDE","urea transport",572.724997,3
"D_perniger_BEC347","K00395","aprAB","sulfate reduction",513.670613,7
"D_perniger_BEC347","K11963","urtABCDE","urea transport",413.558854,33
"D_perniger_BEC347","K00395","aprAB","sulfate reduction",947.147273,17
"D_perniger_BEC347","K00266","gltBD","glutamate synthesis",1452.248565,69
"D_perniger_BEC347","K00395","aprAB","sulfate reduction",1452.248565,69
"D_perniger_BEC347","K11960","urtABCDE","urea transport",290.057864,22
"D_perniger_BEC347","K11962","urtABCDE","urea transport",290.057864,22
"D_perniger_BEC347","K00395","aprAB","sulfate reduction",547.431514,18
"D_perniger_BEC347","K00297","metF","reductive acetogenesis",851.870964,6
"D_perniger_BEC347","K11962","urtABCDE","urea transport",1504.077517,9
"D_perniger_BEC347","K00266","gltBD","glutamate synthesis",1139.100876,61
"D_perniger_BEC347","K11963","urtABCDE","urea transport",530.030836,8
"D_perniger_BEC347","K11960","urtABCDE","urea transport",644.532896,42
"D_perniger_BEC347","K11962","urtABCDE","urea transport",438.219988,54
"D_perniger_BEC347","K11962","urtABCDE","urea transport",993.849458,7
"D_perniger_BEC347","K00395","aprAB","sulfate reduction",643.18595,93
"D_perniger_BEC347","K11962","urtABCDE","urea transport",1896.635786,19
"D_perniger_BEC347","K11963","urtABCDE","urea transport",1896.635786,19
"D_perniger_BEC347","K11963","urtABCDE","urea transport",1051.036177,27
"D_perniger_BEC347","K00362","nirBD","dissimilatory nitrate reduction",488.464178,13
"D_perniger_BEC347","K11962","urtABCDE","urea transport",372.090244,15
"D_perniger_BEC347","K11962","urtABCDE","urea transport",929.932101,39
"D_perniger_BEC347","K11962","urtABCDE","urea transport",635.244648,74
"D_perniger_BEC347","K00395","aprAB","sulfate reduction",476.064288,58
"D_perniger_BEC347","K11962","urtABCDE","urea transport",404.978122,2
"D_perniger_BEC347","K00395","aprAB","sulfate reduction",417.270921,52
"D_perniger_BEC347","K11962","urtABCDE","urea transport",215.858523,8
"D_perniger_BEC347","K11962","urtABCDE","urea transport",762.746869,35
"D_perniger_BEC347","K00370","narGHI","dissimilatory nitrate reduction",433.142616,24
"D_rubriceps_BEC340","K11962","urtABCDE","urea transport",2329.589522,17
"D_rubriceps_BEC340","K11962","urtABCDE","urea transport",3245.654762,62
"D_rubriceps_BEC340","K00122","fdhF","reductive acetogenesis",3625.412059,36
"D_rubriceps_BEC340","K11962","urtABCDE","urea transport",2651.300516,26
"D_rubriceps_BEC340","K00926","arcC","arginine synthesis",2403.553973,21
"D_rubriceps_BEC340","K11962","urtABCDE","urea transport",1993.152593,3
"D_rubriceps_BEC340","K11962","urtABCDE","urea transport",2095.714059,19
"D_rubriceps_BEC340","K00611","argFGH","arginine synthesis",3110.564882,14
"D_rubriceps_BEC340","K00194","acsABCDE","reductive acetogenesis",2653.11912,27
"D_rubriceps_BEC340","K11962","urtABCDE","urea transport",3094.464879,25
"D_rubriceps_BEC348","K00362","nirBD","dissimilatory nitrate reduction",8390.417701,20
"D_rubriceps_BEC348","K11962","urtABCDE","urea transport",1674.479922,31
"D_rubriceps_BEC348","K11962","urtABCDE","urea transport",3945.45977,26
"D_rubriceps_BEC348","K11962","urtABCDE","urea transport",2984.008561,7
"D_rubriceps_BEC348","K11962","urtABCDE","urea transport",2139.304668,18
"D_rubriceps_BEC348","K00194","acsABCDE","reductive acetogenesis",1836.954091,9
"D_rubriceps_BEC348","K11962","urtABCDE","urea transport",2972.6044,59
"D_rubriceps_BEC348","K15023","acsABCDE","reductive acetogenesis",3050.292294,41
"D_rubriceps_BEC348","K11962","urtABCDE","urea transport",3146.945864,57
"D_rubriceps_BEC348","K00395","aprAB","sulfate reduction",3515.035826,51
"D_rubriceps_BEC348","K00266","gltBD","glutamate synthesis",3515.035826,51
"D_rubriceps_BEC348","K00395","aprAB","sulfate reduction",2885.724909,80
"D_rubriceps_BEC348","K00266","gltBD","glutamate synthesis",3727.859334,72
"D_rubriceps_BEC349","K00611","argFGH","arginine synthesis",0,0
"D_rubriceps_BEC349","K00611","argFGH","arginine synthesis",0,0
"D_rubriceps_BEC349","K11963","urtABCDE","urea transport",2035.875704,32
"D_rubriceps_BEC349","K11962","urtABCDE","urea transport",2172.746474,76
"D_rubriceps_BEC349","K00395","aprAB","sulfate reduction",1454.015233,24
"D_rubriceps_BEC349","K11962","urtABCDE","urea transport",636.895952,58
"D_rubriceps_BEC349","K00611","argFGH","arginine synthesis",2132.286353,88
"D_rubriceps_BEC349","K00395","aprAB","sulfate reduction",3511.723283,11
"D_rubriceps_BEC349","K00197","acsABCDE","reductive acetogenesis",3511.723283,11
"D_rubriceps_BEC349","K00266","gltBD","glutamate synthesis",1639.554765,103
"D_rubriceps_BEC349","K00122","fdhF","reductive acetogenesis",2173.026029,10
"D_rubriceps_BEC349","K11962","urtABCDE","urea transport",2136.69558,4
"D_rubriceps_BEC349","K11962","urtABCDE","urea transport",6548.694345,11
"D_rubriceps_BEC349","K11962","urtABCDE","urea transport",1406.248397,33
"D_rubriceps_BEC349","K00197","acsABCDE","reductive acetogenesis",1263.155142,43
"D_rubriceps_BEC349","K00394","aprAB","sulfate reduction",1960.779847,51
"D_rubriceps_BEC349","K11960","urtABCDE","urea transport",1960.779847,51
"D_rubriceps_BEC349","K11962","urtABCDE","urea transport",1960.779847,51
"D_rubriceps_BEC349","K11963","urtABCDE","urea transport",7565.624824,27
"D_rubriceps_BEC349","K11959","urtABCDE","urea transport",1185.100575,57
"D_rubriceps_BEC349","K11962","urtABCDE","urea transport",566.824537,24
"D_rubriceps_BEC349","K11962","urtABCDE","urea transport",2456.182964,8
"D_rubriceps_BEC349","K00266","gltBD","glutamate synthesis",7067.415896,9
"D_rubriceps_BEC349","K00370","narGHI","dissimilatory nitrate reduction",7067.415896,9
"D_rubriceps_BEC349","K00395","aprAB","sulfate reduction",1605.664545,109.898
"D_rubriceps_BEC349","K11962","urtABCDE","urea transport",2079.023884,73
"D_rubriceps_BEC349","K15023","acsABCDE","reductive acetogenesis",2409.599981,28
"D_rubriceps_BEC349","K00362","nirBD","dissimilatory nitrate reduction",7698.578312,18
"D_rubriceps_BEC349","K00611","argFGH","arginine synthesis",1344.168346,40
"D_rubriceps_BEC350","K11962","urtABCDE","urea transport",197.081205,11
"D_rubriceps_BEC350","K11962","urtABCDE","urea transport",274.681633,17
"D_rubriceps_BEC350","K00370","narGHI","dissimilatory nitrate reduction",180.10214,23
"D_rubriceps_BEC350","K00197","acsABCDE","reductive acetogenesis",7179.802605,44
"D_rubriceps_BEC350","K00958","sat","sulfate reduction",258.964646,10
"D_rubriceps_BEC350","K00395","aprAB","sulfate reduction",194.127842,2
"D_rubriceps_BEC350","K11962","urtABCDE","urea transport",308.682613,14
"D_rubriceps_BEC350","K11963","urtABCDE","urea transport",365.027983,46
"D_rubriceps_BEC350","K11962","urtABCDE","urea transport",365.027983,46
"D_rubriceps_BEC350","K11962","urtABCDE","urea transport",492.032827,19
"D_rubriceps_BEC350","K00395","aprAB","sulfate reduction",867.416504,49
"D_rubriceps_BEC350","K11962","urtABCDE","urea transport",195.151109,13
"D_rubriceps_BEC350","K00297","metF","reductive acetogenesis",162.525373,19
"D_rubriceps_BEC350","K00395","aprAB","sulfate reduction",162.525373,19
"D_rubriceps_BEC350","K11960","urtABCDE","urea transport",956.625331,6
"D_rubriceps_BEC350","K11962","urtABCDE","urea transport",956.625331,6
"D_rubriceps_BEC350","K11962","urtABCDE","urea transport",956.625331,6
"D_rubriceps_BEC350","K11962","urtABCDE","urea transport",597.984244,36
"D_rubriceps_BEC350","K11962","urtABCDE","urea transport",597.984244,36
"D_rubriceps_BEC350","K11963","urtABCDE","urea transport",597.984244,36
"D_rubriceps_BEC350","K11181","dsrAB","sulfate reduction",588.89609,3
"D_rubriceps_BEC350","K11962","urtABCDE","urea transport",153.598017,22
"D_rubriceps_BEC350","K11963","urtABCDE","urea transport",683.075956,13
"D_rubriceps_BEC350","K00395","aprAB","sulfate reduction",361.886789,18
"D_rubriceps_BEC350","K11963","urtABCDE","urea transport",780.783269,10
"D_rubriceps_BEC350","K00395","aprAB","sulfate reduction",379.681652,13
"D_rubriceps_BEC350","K00197","acsABCDE","reductive acetogenesis",379.681652,13
"D_rubriceps_BEC350","K11181","dsrAB","sulfate reduction",379.681652,13
"D_rubriceps_BEC350","K11963","urtABCDE","urea transport",686.506665,36
"D_rubriceps_BEC350","K11962","urtABCDE","urea transport",686.506665,36
"D_rubriceps_BEC350","K11963","urtABCDE","urea transport",523.349622,16
"D_rubriceps_BEC350","K00395","aprAB","sulfate reduction",1719.778633,17
"D_rubriceps_BEC350","K00122","fdhF","reductive acetogenesis",446.4453,43
"D_rubriceps_BEC350","K11962","urtABCDE","urea transport",732.5217,53
"D_rubriceps_BEC350","K11962","urtABCDE","urea transport",383.779029,63
"D_rubriceps_BEC350","K11963","urtABCDE","urea transport",400.81376,29
"D_rubriceps_BEC350","K00198","acsABCDE","reductive acetogenesis",331.355804,45
"D_rubriceps_BEC350","K00611","argFGH","arginine synthesis",4531.552071,5
"D_rubriceps_BEC350","K00266","gltBD","glutamate synthesis",4531.552071,5
"D_rubriceps_BEC350","K00362","nirBD","dissimilatory nitrate reduction",4531.552071,5
"D_rubriceps_BEC350","K00395","aprAB","sulfate reduction",4531.552071,5
"D_rubriceps_BEC350","K00297","metF","reductive acetogenesis",4531.552071,5
"D_rubriceps_BEC350","K00362","nirBD","dissimilatory nitrate reduction",654.221801,16
"D_rubriceps_BEC350","K00266","gltBD","glutamate synthesis",654.221801,16
"D_rubriceps_BEC350","K00362","nirBD","dissimilatory nitrate reduction",739.286479,48
"D_rubriceps_BEC350","K00266","gltBD","glutamate synthesis",739.286479,48
"D_rubriceps_BEC350","K11962","urtABCDE","urea transport",734.759339,3
"D_rubriceps_BEC350","K11962","urtABCDE","urea transport",130.352962,6
"D_rubriceps_BEC350","K11962","urtABCDE","urea transport",759.302959,11
"D_rubriceps_BEC350","K00122","fdhF","reductive acetogenesis",282.79144,8
"D_rubriceps_BEC350","K00395","aprAB","sulfate reduction",154.546373,8
"D_rubriceps_BEC350","K00926","arcC","arginine synthesis",154.546373,8
"D_rubriceps_BEC350","K11962","urtABCDE","urea transport",689.833993,86
"D_rubriceps_BEC350","K11963","urtABCDE","urea transport",332.946751,26
"D_rubriceps_BEC350","K11962","urtABCDE","urea transport",332.946751,26
"D_rubriceps_BEC350","K11962","urtABCDE","urea transport",448.473491,1
"D_rubriceps_BEC350","K11962","urtABCDE","urea transport",0,0
"D_rubriceps_BEC350","K11963","urtABCDE","urea transport",453.941042,4
"D_rubriceps_BEC350","K11962","urtABCDE","urea transport",453.941042,4
"D_rubriceps_BEC350","K11962","urtABCDE","urea transport",212.501262,11
"D_rubriceps_BEC350","K11962","urtABCDE","urea transport",212.501262,11
"D_rubriceps_BEC350","K00926","arcC","arginine synthesis",212.108648,20
"D_rubriceps_BEC350","K00611","argFGH","arginine synthesis",212.108648,20
"D_rubriceps_BEC350","K00395","aprAB","sulfate reduction",865.178424,18
"D_rubriceps_BEC350","K00395","aprAB","sulfate reduction",379.607973,34
"D_rubriceps_BEC350","K11962","urtABCDE","urea transport",565.52101,35
"D_rubriceps_BEC350","K00395","aprAB","sulfate reduction",1555.555309,11
"D_rubriceps_BEC350","K00297","metF","reductive acetogenesis",1555.555309,11
"D_rubriceps_BEC350","K11962","urtABCDE","urea transport",1555.555309,11
"D_rubriceps_BEC350","K11962","urtABCDE","urea transport",1555.555309,11
"D_rubriceps_BEC350","K11962","urtABCDE","urea transport",431.872802,69
"D_rubriceps_BEC350","K11962","urtABCDE","urea transport",431.872802,69
"D_rubriceps_BEC350","K11962","urtABCDE","urea transport",1155.947083,14
"D_rubriceps_BEC350","K00122","fdhF","reductive acetogenesis",528.082442,35
"D_rubriceps_BEC350","K11962","urtABCDE","urea transport",543.137344,25
"D_rubriceps_BEC350","K11962","urtABCDE","urea transport",624.626615,8
"D_rubriceps_BEC350","K11962","urtABCDE","urea transport",624.626615,8
"D_rubriceps_BEC350","K11962","urtABCDE","urea transport",369.722033,27
"D_rubriceps_BEC350","K11962","urtABCDE","urea transport",873.575291,9
"D_rubriceps_BEC350","K11962","urtABCDE","urea transport",712.057249,52
"D_rubriceps_BEC350","K11960","urtABCDE","urea transport",712.057249,52
"D_rubriceps_BEC350","K11962","urtABCDE","urea transport",712.057249,52
"D_rubriceps_BEC350","K11960","urtABCDE","urea transport",712.057249,52
"D_rubriceps_BEC350","K15023","acsABCDE","reductive acetogenesis",500.326441,72
"D_rubriceps_BEC350","K11963","urtABCDE","urea transport",500.326441,72
"D_rubriceps_BEC350","K00926","arcC","arginine synthesis",500.326441,72
"D_rubriceps_BEC350","K00395","aprAB","sulfate reduction",500.326441,72
"D_rubriceps_BEC350","K11962","urtABCDE","urea transport",387.927591,79
"D_rubriceps_BEC350","K11962","urtABCDE","urea transport",1412.746902,11
"D_rubriceps_BEC350","K11963","urtABCDE","urea transport",425.148141,10
"D_rubriceps_BEC350","K11960","urtABCDE","urea transport",505.892492,18
"D_rubriceps_BEC350","K11962","urtABCDE","urea transport",505.892492,18
"D_rubriceps_BEC350","K11962","urtABCDE","urea transport",1345.962524,8
"D_rubriceps_BEC350","K11962","urtABCDE","urea transport",630.159963,22
"D_rubriceps_BEC350","K11962","urtABCDE","urea transport",630.159963,22
"D_rubriceps_BEC350","K00395","aprAB","sulfate reduction",439.188338,34
"D_rubriceps_BEC350","K11962","urtABCDE","urea transport",800.906041,32
"D_rubriceps_BEC350","K00266","gltBD","glutamate synthesis",2071.368558,4
"D_rubriceps_BEC350","K11962","urtABCDE","urea transport",837.012752,47
"D_rubriceps_BEC350","K00266","gltBD","glutamate synthesis",419.956054,43
"D_rubriceps_BEC350","K11960","urtABCDE","urea transport",478.95889,45
"D_rubriceps_BEC350","K11962","urtABCDE","urea transport",478.95889,45
"D_rubriceps_BEC350","K11962","urtABCDE","urea transport",359.968604,4
"D_rubriceps_BEC350","K00402","mcrABG","methanogenesis",296.097703,59
"D_rubriceps_BEC350","K00194","acsABCDE","reductive acetogenesis",373.080218,45
"D_rubriceps_BEC350","K00197","acsABCDE","reductive acetogenesis",373.080218,45
"D_rubriceps_BEC350","K00395","aprAB","sulfate reduction",399.58949,66
"D_rubriceps_BEC350","K00370","narGHI","dissimilatory nitrate reduction",399.58949,66
"D_rubriceps_BEC350","K11962","urtABCDE","urea transport",579.89796,40
"D_rubriceps_BEC350","K00395","aprAB","sulfate reduction",225.962716,39
"D_rubriceps_BEC350","K00197","acsABCDE","reductive acetogenesis",484.514514,12
"D_rubriceps_BEC350","K11962","urtABCDE","urea transport",1188.904713,20
"D_rubriceps_BEC350","K11962","urtABCDE","urea transport",1188.904713,20
"D_rubriceps_BEC350","K11962","urtABCDE","urea transport",382.383368,78
"D_rubriceps_BEC350","K00370","narGHI","dissimilatory nitrate reduction",382.383368,78
"D_rubriceps_BEC350","K11962","urtABCDE","urea transport",661.30389,32
"D_rubriceps_BEC350","K00197","acsABCDE","reductive acetogenesis",1307.531285,5
"D_rubriceps_BEC350","K11962","urtABCDE","urea transport",1193.745503,17
"D_rubriceps_BEC350","K00395","aprAB","sulfate reduction",510.709166,18
"D_rubriceps_BEC350","K11962","urtABCDE","urea transport",538.629481,17
"D_rubriceps_BEC350","K00266","gltBD","glutamate synthesis",538.629481,17
"D_rubriceps_BEC350","K00625","pta","reductive acetogenesis",538.629481,17
"D_rubriceps_BEC350","K11962","urtABCDE","urea transport",538.629481,17
"D_rubriceps_BEC350","K00395","aprAB","sulfate reduction",769.66283,64
"D_rubriceps_BEC350","K00395","aprAB","sulfate reduction",1062.904111,50
"D_rubriceps_BEC350","K11962","urtABCDE","urea transport",176.061163,1
"D_rubriceps_BEC350","K11962","urtABCDE","urea transport",291.604741,21
"D_rubriceps_BEC350","K11962","urtABCDE","urea transport",467.167053,42
"D_rubriceps_BEC350","K11962","urtABCDE","urea transport",467.167053,42
"D_rubriceps_BEC350","K11962","urtABCDE","urea transport",529.136396,49
"D_rubriceps_BEC350","K00395","aprAB","sulfate reduction",333.493241,40
"D_rubriceps_BEC350","K00266","gltBD","glutamate synthesis",472.925563,12
"D_rubriceps_BEC350","K11962","urtABCDE","urea transport",219.662478,11
"D_rubriceps_BEC350","K11962","urtABCDE","urea transport",492.334133,21
"D_rubriceps_BEC350","K11962","urtABCDE","urea transport",294.602448,24
"D_rubriceps_BEC350","K00926","arcC","arginine synthesis",1345.962524,8
"D_rubriceps_BEC350","K11963","urtABCDE","urea transport",290.834878,34
"D_rubriceps_BEC350","K11962","urtABCDE","urea transport",516.311345,33
"D_rubriceps_BEC350","K11962","urtABCDE","urea transport",471.902558,16
"D_rubriceps_BEC350","K00611","argFGH","arginine synthesis",471.902558,16
"D_rubriceps_BEC350","K11962","urtABCDE","urea transport",471.902558,16
"D_rubriceps_BEC350","K00925","ack","reductive acetogenesis",379.40116,40
"D_rubriceps_BEC350","K00266","gltBD","glutamate synthesis",998.946884,16
"D_rubriceps_BEC350","K00122","fdhF","reductive acetogenesis",0,0
"D_rubriceps_BEC350","K00395","aprAB","sulfate reduction",700.950742,24
"D_rubriceps_BEC350","K00395","aprAB","sulfate reduction",513.233442,38
"D_rubriceps_BEC350","K11963","urtABCDE","urea transport",467.210198,45
"D_rubriceps_BEC350","K11962","urtABCDE","urea transport",323.270796,87
"D_rubriceps_BEC350","K00925","ack","reductive acetogenesis",600.060149,26
"D_rubriceps_BEC350","K00395","aprAB","sulfate reduction",334.882072,50
"D_rubriceps_BEC350","K11962","urtABCDE","urea transport",604.765304,36
"D_rubriceps_BEC350","K11962","urtABCDE","urea transport",604.765304,36
"D_rubriceps_BEC350","K00371","narGHI","dissimilatory nitrate reduction",660.54119,8
"D_rubriceps_BEC350","K11962","urtABCDE","urea transport",416.904707,144
"D_rubriceps_BEC350","K14138","acsABCDE","reductive acetogenesis",2896.324245,28
"D_rubriceps_BEC350","K11962","urtABCDE","urea transport",1006.954989,63
"D_rubriceps_BEC350","K11963","urtABCDE","urea transport",271.912542,35
"D_rubriceps_BEC350","K00395","aprAB","sulfate reduction",540.520111,34
"D_rubriceps_BEC350","K00395","aprAB","sulfate reduction",540.520111,34
"D_rubriceps_BEC350","K00197","acsABCDE","reductive acetogenesis",540.520111,34
"D_rubriceps_BEC350","K11962","urtABCDE","urea transport",845.400217,2
"D_rubriceps_BEC350","K11963","urtABCDE","urea transport",2355.584361,12
"D_rubriceps_BEC350","K11962","urtABCDE","urea transport",2355.584361,12
"D_rubriceps_BEC350","K11960","urtABCDE","urea transport",561.907622,9
"D_rubriceps_BEC350","K11960","urtABCDE","urea transport",561.907622,9
"D_rubriceps_BEC350","K11963","urtABCDE","urea transport",561.907622,9
"D_rubriceps_BEC350","K11962","urtABCDE","urea transport",379.507285,24
"D_rubriceps_BEC350","K00611","argFGH","arginine synthesis",310.560275,2
"D_rubriceps_BEC350","K11962","urtABCDE","urea transport",1409.701098,13
"D_rubriceps_BEC350","K11962","urtABCDE","urea transport",1409.701098,13
"D_rubriceps_BEC350","K11962","urtABCDE","urea transport",731.997999,8
"D_rubriceps_BEC350","K11962","urtABCDE","urea transport",697.692803,26
"D_rubriceps_BEC350","K11962","urtABCDE","urea transport",240.204569,28
"D_rubriceps_BEC350","K11961","urtABCDE","urea transport",606.372164,3
"D_rubriceps_BEC350","K00394","aprAB","sulfate reduction",547.840149,45
"D_rubriceps_BEC350","K11962","urtABCDE","urea transport",547.840149,45
"D_rubriceps_BEC350","K11962","urtABCDE","urea transport",547.840149,45
"D_rubriceps_BEC350","K11962","urtABCDE","urea transport",459.664555,30
"D_rubriceps_BEC350","K11962","urtABCDE","urea transport",459.664555,30
"D_rubriceps_BEC350","K00370","narGHI","dissimilatory nitrate reduction",690.914945,12
"D_rubriceps_BEC350","K00611","argFGH","arginine synthesis",1620.4373,81.693
"D_rubriceps_BEC350","K00925","ack","reductive acetogenesis",1620.4373,81.693
"D_rubriceps_BEC350","K11962","urtABCDE","urea transport",940.773429,19
"D_rubriceps_BEC350","K00266","gltBD","glutamate synthesis",311.107596,37
"D_rubriceps_BEC350","K11962","urtABCDE","urea transport",262.823807,16
"D_rubriceps_BEC350","K00395","aprAB","sulfate reduction",262.823807,16
"D_rubriceps_BEC350","K00395","aprAB","sulfate reduction",661.858664,17
"D_rubriceps_BEC350","K11962","urtABCDE","urea transport",782.297589,1
"D_rubriceps_BEC350","K11962","urtABCDE","urea transport",782.297589,1
"D_rubriceps_BEC350","K00395","aprAB","sulfate reduction",432.506257,51
"D_rubriceps_BEC350","K11962","urtABCDE","urea transport",432.506257,51
"D_rubriceps_BEC350","K00197","acsABCDE","reductive acetogenesis",586.588331,27
"D_rubriceps_BEC350","K00266","gltBD","glutamate synthesis",466.259075,49
"D_rubriceps_BEC350","K11962","urtABCDE","urea transport",466.259075,49
"D_rubriceps_BEC350","K00266","gltBD","glutamate synthesis",466.259075,49
"D_rubriceps_BEC350","K11960","urtABCDE","urea transport",466.259075,49
"D_rubriceps_BEC350","K00925","ack","reductive acetogenesis",466.259075,49
"D_rubriceps_BEC350","K00925","ack","reductive acetogenesis",466.259075,49
"D_rubriceps_BEC350","K11962","urtABCDE","urea transport",3797.606691,11
"D_rubriceps_BEC350","K11962","urtABCDE","urea transport",268.110392,9
"D_rubriceps_BEC350","K11963","urtABCDE","urea transport",487.08994,77
"D_rubriceps_BEC350","K11962","urtABCDE","urea transport",0,0
"D_rubriceps_BEC350","K11962","urtABCDE","urea transport",414.343732,29
"D_rubriceps_BEC350","K11962","urtABCDE","urea transport",1463.995999,16
"D_rubriceps_BEC350","K11962","urtABCDE","urea transport",1463.995999,16
"D_rubriceps_BEC350","K11963","urtABCDE","urea transport",449.803612,33
"D_rubriceps_BEC350","K14138","acsABCDE","reductive acetogenesis",380.145712,71
"D_rubriceps_BEC350","K00611","argFGH","arginine synthesis",634.655732,26
"D_rubriceps_BEC350","K00926","arcC","arginine synthesis",634.655732,26
"D_rubriceps_BEC350","K00611","argFGH","arginine synthesis",634.655732,26
"D_rubriceps_BEC350","K00266","gltBD","glutamate synthesis",424.010726,51
"D_rubriceps_BEC350","K11962","urtABCDE","urea transport",0,0
"D_rubriceps_BEC350","K11962","urtABCDE","urea transport",0,0
"D_rubriceps_BEC350","K11962","urtABCDE","urea transport",555.437601,40
"D_rubriceps_BEC350","K00395","aprAB","sulfate reduction",1097.996999,12
"D_rubriceps_BEC350","K00925","ack","reductive acetogenesis",470.444312,112
"D_rubriceps_BEC350","K00370","narGHI","dissimilatory nitrate reduction",581.027153,44
"D_rubriceps_BEC350","K11962","urtABCDE","urea transport",545.514355,31
"D_rubriceps_BEC350","K00362","nirBD","dissimilatory nitrate reduction",271.70568,1
"D_rubriceps_BEC350","K00266","gltBD","glutamate synthesis",480.72062,39
"D_rubriceps_BEC350","K11962","urtABCDE","urea transport",533.179927,10
"D_rubriceps_BEC350","K00395","aprAB","sulfate reduction",548.9985,6
"D_rubriceps_BEC350","K00370","narGHI","dissimilatory nitrate reduction",443.794514,39
"D_rubriceps_BEC350","K11962","urtABCDE","urea transport",609.556546,26
"D_rubriceps_BEC350","K11962","urtABCDE","urea transport",0,0
"D_rubriceps_BEC350","K00958","sat","sulfate reduction",572.288225,16
"D_rubriceps_BEC350","K00395","aprAB","sulfate reduction",572.288225,16
"D_rubriceps_BEC350","K11960","urtABCDE","urea transport",1397.521238,9
"D_rubriceps_BEC350","K11962","urtABCDE","urea transport",1397.521238,9
"D_rubriceps_BEC350","K11962","urtABCDE","urea transport",247.44251,7
"D_rubriceps_BEC350","K11962","urtABCDE","urea transport",392.512216,12
"D_tamminensis_BEC324","K11962","urtABCDE","urea transport",367.645607,72
"D_tamminensis_BEC324","K15023","acsABCDE","reductive acetogenesis",87.366361,10
"D_tamminensis_BEC324","K11962","urtABCDE","urea transport",284.523992,21
"D_tamminensis_BEC324","K00266","gltBD","glutamate synthesis",127.33892,28
"D_tamminensis_BEC324","K11962","urtABCDE","urea transport",332.209808,54
"D_tamminensis_BEC324","K11962","urtABCDE","urea transport",332.209808,54
"D_tamminensis_BEC324","K11962","urtABCDE","urea transport",332.209808,54
"D_tamminensis_BEC324","K11962","urtABCDE","urea transport",106.832309,20
"D_tamminensis_BEC324","K00265","gltBD","glutamate synthesis",276.835285,6
"D_tamminensis_BEC324","K00395","aprAB","sulfate reduction",94.543788,17
"D_tamminensis_BEC324","K00362","nirBD","dissimilatory nitrate reduction",76.934789,20
"D_tamminensis_BEC324","K11963","urtABCDE","urea transport",151.61864,21
"D_tamminensis_BEC324","K15023","acsABCDE","reductive acetogenesis",152.866658,11
"D_tamminensis_BEC324","K00297","metF","reductive acetogenesis",152.866658,11
"D_tamminensis_BEC324","K11962","urtABCDE","urea transport",114.886924,14
"D_tamminensis_BEC324","K00926","arcC","arginine synthesis",220.462604,16
"D_tamminensis_BEC324","K11962","urtABCDE","urea transport",556.829193,25
"D_tamminensis_BEC324","K00395","aprAB","sulfate reduction",483.880594,22
"D_tamminensis_BEC324","K00370","narGHI","dissimilatory nitrate reduction",114.813139,13
"D_tamminensis_BEC324","K00197","acsABCDE","reductive acetogenesis",445.937883,28
"D_tamminensis_BEC324","K00197","acsABCDE","reductive acetogenesis",445.937883,28
"D_tamminensis_BEC324","K00194","acsABCDE","reductive acetogenesis",445.937883,28
"D_tamminensis_BEC324","K11963","urtABCDE","urea transport",445.937883,28
"D_tamminensis_BEC324","K11962","urtABCDE","urea transport",197.546346,7
"D_tamminensis_BEC324","K00625","pta","reductive acetogenesis",223.406534,1
"D_tamminensis_BEC324","K00371","narGHI","dissimilatory nitrate reduction",213.412719,3
"D_tamminensis_BEC324","K00266","gltBD","glutamate synthesis",210.426821,56
"D_tamminensis_BEC324","K00362","nirBD","dissimilatory nitrate reduction",210.426821,56
"D_tamminensis_BEC324","K00611","argFGH","arginine synthesis",312.552898,3
"D_tamminensis_BEC324","K11962","urtABCDE","urea transport",199.074237,18
"D_tamminensis_BEC324","K11962","urtABCDE","urea transport",331.270919,10
"D_tamminensis_BEC324","K11962","urtABCDE","urea transport",210.056224,30
"D_tamminensis_BEC324","K00611","argFGH","arginine synthesis",101.975842,4
"D_tamminensis_BEC324","K11963","urtABCDE","urea transport",157.95807,7
"D_tamminensis_BEC324","K00362","nirBD","dissimilatory nitrate reduction",160.011639,56
"D_tamminensis_BEC324","K11962","urtABCDE","urea transport",262.257646,10
"D_tamminensis_BEC324","K11962","urtABCDE","urea transport",308.391339,95
"D_tamminensis_BEC324","K11962","urtABCDE","urea transport",308.391339,95
"D_tamminensis_BEC324","K11962","urtABCDE","urea transport",497.690017,72
"D_tamminensis_BEC324","K11962","urtABCDE","urea transport",497.690017,72
"D_tamminensis_BEC324","K11962","urtABCDE","urea transport",338.948616,16
"D_tamminensis_BEC324","K00266","gltBD","glutamate synthesis",177.134738,5
"D_tamminensis_BEC324","K11963","urtABCDE","urea transport",2208.612216,182
"D_tamminensis_BEC324","K11962","urtABCDE","urea transport",278.070907,38
"D_tamminensis_BEC324","K00266","gltBD","glutamate synthesis",188.545954,4
"D_tamminensis_BEC324","K11962","urtABCDE","urea transport",429.694756,7
"D_tamminensis_BEC324","K14138","acsABCDE","reductive acetogenesis",225.926255,65
"D_tamminensis_BEC324","K11962","urtABCDE","urea transport",187.663953,57
"D_tamminensis_BEC324","K00611","argFGH","arginine synthesis",134.361985,23
"D_tamminensis_BEC324","K00395","aprAB","sulfate reduction",2947.069693,539
"D_tamminensis_BEC324","K00266","gltBD","glutamate synthesis",2947.069693,539
"D_tamminensis_BEC324","K00925","ack","reductive acetogenesis",252.065713,59
"D_tamminensis_BEC324","K00266","gltBD","glutamate synthesis",108.311038,14
"D_tamminensis_BEC324","K00362","nirBD","dissimilatory nitrate reduction",108.311038,14
"D_tamminensis_BEC324","K11962","urtABCDE","urea transport",726.033895,36
"D_tamminensis_BEC324","K00266","gltBD","glutamate synthesis",136.902528,22
"D_tamminensis_BEC324","K11963","urtABCDE","urea transport",269.809861,4
"D_tamminensis_BEC324","K00394","aprAB","sulfate reduction",266.64401,44
"D_tamminensis_BEC324","K11962","urtABCDE","urea transport",136.302466,7
"D_tamminensis_BEC324","K11962","urtABCDE","urea transport",1149.334974,325
"D_tamminensis_BEC324","K11963","urtABCDE","urea transport",794.240553,466
"D_tamminensis_BEC324","K00266","gltBD","glutamate synthesis",158.467881,24
"D_tamminensis_BEC324","K00266","gltBD","glutamate synthesis",377.111979,6
"D_tamminensis_BEC324","K11962","urtABCDE","urea transport",109.576457,22
"D_tamminensis_BEC324","K11962","urtABCDE","urea transport",169.315934,27
"D_tamminensis_BEC324","K11962","urtABCDE","urea transport",364.960616,3
"D_tamminensis_BEC324","K11963","urtABCDE","urea transport",139.031142,43
"D_tamminensis_BEC324","K11963","urtABCDE","urea transport",319.926555,17
"D_tamminensis_BEC324","K11962","urtABCDE","urea transport",359.179755,7
"D_tamminensis_BEC324","K00926","arcC","arginine synthesis",160.523924,35
"D_tamminensis_BEC324","K00611","argFGH","arginine synthesis",160.523924,35
"D_tamminensis_BEC324","K00395","aprAB","sulfate reduction",146.992979,48
"D_tamminensis_BEC324","K00266","gltBD","glutamate synthesis",151.035524,32
"D_tamminensis_BEC324","K11962","urtABCDE","urea transport",2395.444385,40
"D_tamminensis_BEC324","K11960","urtABCDE","urea transport",281.214317,23
"D_tamminensis_BEC324","K11962","urtABCDE","urea transport",1626.173126,123
"D_tamminensis_BEC324","K11963","urtABCDE","urea transport",153.07381,38
"D_tamminensis_BEC324","K11962","urtABCDE","urea transport",2803.721935,75
"D_tamminensis_BEC324","K11962","urtABCDE","urea transport",628.293374,25
"D_tamminensis_BEC324","K11962","urtABCDE","urea transport",549.610864,18
"D_tamminensis_BEC324","K14138","acsABCDE","reductive acetogenesis",549.610864,18
"D_tamminensis_BEC324","K11962","urtABCDE","urea transport",802.588312,3
"D_tamminensis_BEC324","K11963","urtABCDE","urea transport",802.588312,3
"D_tamminensis_BEC324","K11962","urtABCDE","urea transport",142.568606,15
"D_tamminensis_BEC324","K11962","urtABCDE","urea transport",152.336151,18
"D_tamminensis_BEC324","K11962","urtABCDE","urea transport",238.289908,17
"D_tamminensis_BEC324","K00925","ack","reductive acetogenesis",279.431878,99
"D_tamminensis_BEC324","K00611","argFGH","arginine synthesis",279.431878,99
"D_tamminensis_BEC324","K00611","argFGH","arginine synthesis",279.431878,99
"D_tamminensis_BEC324","K00926","arcC","arginine synthesis",279.431878,99
"D_tamminensis_BEC324","K11962","urtABCDE","urea transport",12154.210007,61
"D_tamminensis_BEC324","K11962","urtABCDE","urea transport",709.294031,5
"D_tamminensis_BEC324","K00395","aprAB","sulfate reduction",740.888699,88
"D_tamminensis_BEC324","K00926","arcC","arginine synthesis",1143.717767,52
"D_tamminensis_BEC324","K11962","urtABCDE","urea transport",115.363717,11
"D_tamminensis_BEC324","K11962","urtABCDE","urea transport",3335.069321,129
"D_tamminensis_BEC324","K00958","sat","sulfate reduction",135.893371,21
"D_tamminensis_BEC324","K00362","nirBD","dissimilatory nitrate reduction",476.175073,41
"D_tamminensis_BEC324","K00266","gltBD","glutamate synthesis",476.175073,41
"D_tamminensis_BEC324","K11962","urtABCDE","urea transport",568.771512,22
"D_tamminensis_BEC324","K11962","urtABCDE","urea transport",620.674903,50
"D_tamminensis_BEC324","K11962","urtABCDE","urea transport",422.644494,18
"D_tamminensis_BEC324","K00611","argFGH","arginine synthesis",192.34573,20
"D_tamminensis_BEC324","K11962","urtABCDE","urea transport",126.483537,19
"D_tamminensis_BEC324","K00266","gltBD","glutamate synthesis",292.61482,141.556
"D_tamminensis_BEC324","K00266","gltBD","glutamate synthesis",292.61482,141.556
"D_tamminensis_BEC324","K11962","urtABCDE","urea transport",82.187906,3
"D_tamminensis_BEC324","K00926","arcC","arginine synthesis",178.002999,10
"D_tamminensis_BEC324","K00122","fdhF","reductive acetogenesis",126.531944,24
"D_tamminensis_BEC324","K11962","urtABCDE","urea transport",471.394128,65
"D_tamminensis_BEC324","K11962","urtABCDE","urea transport",128.367202,9
"D_tamminensis_BEC324","K00395","aprAB","sulfate reduction",1491.862364,168
"D_tamminensis_BEC324","K11962","urtABCDE","urea transport",1309.034013,17
"D_tamminensis_BEC324","K00395","aprAB","sulfate reduction",260.208995,20
"D_tamminensis_BEC324","K11962","urtABCDE","urea transport",220.746642,12
"D_tamminensis_BEC324","K11962","urtABCDE","urea transport",3380.480692,3
"D_tamminensis_BEC324","K00395","aprAB","sulfate reduction",213.412719,3
"D_tamminensis_BEC324","K00266","gltBD","glutamate synthesis",361.263673,24
"D_tamminensis_BEC324","K11962","urtABCDE","urea transport",361.263673,24
"D_tamminensis_BEC324","K11962","urtABCDE","urea transport",142.8643,16
"D_tamminensis_BEC324","K00266","gltBD","glutamate synthesis",139.513345,25
"D_tamminensis_BEC324","K11962","urtABCDE","urea transport",309.153861,100
"D_tamminensis_BEC324","K11962","urtABCDE","urea transport",423.925435,48
"D_tamminensis_BEC324","K11962","urtABCDE","urea transport",423.925435,48
"D_tamminensis_BEC324","K00266","gltBD","glutamate synthesis",283.106323,101
"D_tamminensis_BEC324","K00395","aprAB","sulfate reduction",328.89239,5
"D_tamminensis_BEC324","K00194","acsABCDE","reductive acetogenesis",149.200589,26
"D_tamminensis_BEC324","K11962","urtABCDE","urea transport",119.514378,7
"D_tamminensis_BEC324","K00265","gltBD","glutamate synthesis",409.869594,13
"D_tamminensis_BEC324","K00611","argFGH","arginine synthesis",130.539912,18
"D_tamminensis_BEC324","K00395","aprAB","sulfate reduction",299.290202,85
"D_tamminensis_BEC324","K00266","gltBD","glutamate synthesis",299.290202,85
"D_tamminensis_BEC324","K11962","urtABCDE","urea transport",0,0
"D_tamminensis_BEC324","K11962","urtABCDE","urea transport",0,0
"D_tamminensis_BEC324","K11960","urtABCDE","urea transport",256.992943,31
"D_tamminensis_BEC324","K00266","gltBD","glutamate synthesis",0,0
"D_tamminensis_BEC324","K11962","urtABCDE","urea transport",1033.053517,21
"D_tamminensis_BEC324","K11963","urtABCDE","urea transport",152.275246,4
"D_tamminensis_BEC324","K11962","urtABCDE","urea transport",229.129023,21
"D_tamminensis_BEC324","K00395","aprAB","sulfate reduction",161.15617,41
"D_tamminensis_BEC324","K11962","urtABCDE","urea transport",411.105711,43
"D_tamminensis_BEC324","K11962","urtABCDE","urea transport",251.280281,41
"D_tamminensis_BEC324","K15023","acsABCDE","reductive acetogenesis",352.505825,41
"D_tamminensis_BEC324","K00362","nirBD","dissimilatory nitrate reduction",310.13046,55
"D_tamminensis_BEC324","K00266","gltBD","glutamate synthesis",310.13046,55
"D_tamminensis_BEC324","K11962","urtABCDE","urea transport",645.364717,50
"D_tamminensis_BEC324","K00266","gltBD","glutamate synthesis",209.160139,12
"D_tamminensis_BEC324","K11960","urtABCDE","urea transport",197.11137,16
"D_tamminensis_BEC324","K11962","urtABCDE","urea transport",197.11137,16
"D_tamminensis_BEC324","K11962","urtABCDE","urea transport",197.11137,16
"D_tamminensis_BEC324","K00194","acsABCDE","reductive acetogenesis",110.764278,15
"D_tamminensis_BEC324","K11962","urtABCDE","urea transport",300.228201,101
"D_tamminensis_BEC324","K00370","narGHI","dissimilatory nitrate reduction",258.743227,15
"D_tamminensis_BEC324","K11963","urtABCDE","urea transport",160.099273,7
"D_tamminensis_BEC324","K11962","urtABCDE","urea transport",733.774932,30
"D_tamminensis_BEC324","K11962","urtABCDE","urea transport",733.774932,30
"D_tamminensis_BEC324","K11962","urtABCDE","urea transport",113.890885,11
"D_tamminensis_BEC324","K11962","urtABCDE","urea transport",139.035949,13
"D_tamminensis_BEC324","K11962","urtABCDE","urea transport",666.552478,28
"D_tamminensis_BEC324","K11962","urtABCDE","urea transport",666.552478,28
"D_tamminensis_BEC324","K11963","urtABCDE","urea transport",153.661343,9
"D_tamminensis_BEC324","K00370","narGHI","dissimilatory nitrate reduction",802.588312,3
"D_tamminensis_BEC324","K00395","aprAB","sulfate reduction",802.588312,3
"D_tamminensis_BEC324","K11962","urtABCDE","urea transport",299.430548,5
"D_tamminensis_BEC324","K11962","urtABCDE","urea transport",299.430548,5
"D_tamminensis_BEC324","K00370","narGHI","dissimilatory nitrate reduction",154.187588,11
"D_tamminensis_BEC324","K11962","urtABCDE","urea transport",4268.254381,60
"D_tamminensis_BEC324","K11962","urtABCDE","urea transport",163.571179,16
"D_tamminensis_BEC324","K11963","urtABCDE","urea transport",146.754986,6
"D_tamminensis_BEC324","K00370","narGHI","dissimilatory nitrate reduction",123.026187,3
"D_tamminensis_BEC324","K00370","narGHI","dissimilatory nitrate reduction",123.026187,3
"D_tamminensis_BEC324","K11962","urtABCDE","urea transport",106.512452,16
"D_tamminensis_BEC324","K11960","urtABCDE","urea transport",106.512452,16
"D_tamminensis_BEC324","K00266","gltBD","glutamate synthesis",186.364565,7
"D_tamminensis_BEC324","K00362","nirBD","dissimilatory nitrate reduction",186.364565,7
"D_tamminensis_BEC324","K11962","urtABCDE","urea transport",3010.094797,35
"D_tamminensis_BEC324","K11962","urtABCDE","urea transport",1063.484236,25
"D_tamminensis_BEC324","K11962","urtABCDE","urea transport",301.44977,28
"D_tamminensis_BEC324","K11962","urtABCDE","urea transport",301.44977,28
"D_tamminensis_BEC324","K11962","urtABCDE","urea transport",301.44977,28
"D_tamminensis_BEC324","K11962","urtABCDE","urea transport",225.767253,8
"D_tamminensis_BEC324","K11960","urtABCDE","urea transport",166.463161,56
"D_tamminensis_BEC324","K11962","urtABCDE","urea transport",166.463161,56
"D_tamminensis_BEC324","K11960","urtABCDE","urea transport",166.463161,56
"D_tamminensis_BEC324","K11963","urtABCDE","urea transport",418.861661,34
"D_tamminensis_BEC324","K11962","urtABCDE","urea transport",652.091206,67
"D_tamminensis_BEC324","K11962","urtABCDE","urea transport",102.622787,2
"D_tamminensis_BEC324","K00371","narGHI","dissimilatory nitrate reduction",285.929442,13
"D_tamminensis_BEC324","K11963","urtABCDE","urea transport",285.929442,13
"D_tamminensis_BEC324","K00370","narGHI","dissimilatory nitrate reduction",175.847306,61
"D_tamminensis_BEC324","K11962","urtABCDE","urea transport",839.009509,110
"D_tamminensis_BEC324","K11962","urtABCDE","urea transport",334.2921,8
"D_tamminensis_BEC324","K11962","urtABCDE","urea transport",179.376734,39
"D_tamminensis_BEC324","K11963","urtABCDE","urea transport",351.077214,6
"D_tamminensis_BEC324","K11962","urtABCDE","urea transport",351.077214,6
"D_tamminensis_BEC324","K11962","urtABCDE","urea transport",395.143156,3
"D_tamminensis_BEC324","K11963","urtABCDE","urea transport",401.715585,97
"D_tamminensis_BEC324","K11962","urtABCDE","urea transport",157.729286,27
"D_tamminensis_BEC324","K11960","urtABCDE","urea transport",157.729286,27
"D_tamminensis_BEC324","K11960","urtABCDE","urea transport",157.729286,27
"D_tamminensis_BEC324","K11962","urtABCDE","urea transport",157.729286,27
"D_tamminensis_BEC324","K11962","urtABCDE","urea transport",157.729286,27
"D_tamminensis_BEC324","K00370","narGHI","dissimilatory nitrate reduction",119.564317,10
"D_tamminensis_BEC324","K00611","argFGH","arginine synthesis",178.16976,16
"D_tamminensis_BEC324","K00266","gltBD","glutamate synthesis",158.309641,23
"D_tamminensis_BEC324","K11962","urtABCDE","urea transport",263.602573,14.489
"D_tamminensis_BEC324","K00266","gltBD","glutamate synthesis",336.342627,47
"D_tamminensis_BEC324","K11962","urtABCDE","urea transport",250.53923,71
"D_tamminensis_BEC324","K11962","urtABCDE","urea transport",273.58347,145
"D_tamminensis_BEC324","K11962","urtABCDE","urea transport",273.58347,145
"D_tamminensis_BEC324","K11962","urtABCDE","urea transport",443.5519,103
"D_tamminensis_BEC324","K11963","urtABCDE","urea transport",360.799703,78
"D_tamminensis_BEC324","K11962","urtABCDE","urea transport",286.229895,22
"D_tamminensis_BEC324","K11962","urtABCDE","urea transport",217.404949,47
"D_tamminensis_BEC324","K11962","urtABCDE","urea transport",139.368314,12
"D_tamminensis_BEC324","K00266","gltBD","glutamate synthesis",186.012262,9
"D_tamminensis_BEC324","K11962","urtABCDE","urea transport",554.323086,8
"D_tamminensis_BEC324","K11962","urtABCDE","urea transport",247.476032,86
"D_tamminensis_BEC324","K11962","urtABCDE","urea transport",247.476032,86
"D_tamminensis_BEC324","K11963","urtABCDE","urea transport",197.546346,7
"D_tamminensis_BEC324","K11962","urtABCDE","urea transport",0,0
"D_tamminensis_BEC324","K11962","urtABCDE","urea transport",0,0
"D_tamminensis_BEC324","K11962","urtABCDE","urea transport",182.363976,60
"D_tamminensis_BEC324","K11963","urtABCDE","urea transport",1993.269205,3
"D_tamminensis_BEC324","K11962","urtABCDE","urea transport",71.137573,1
"D_tamminensis_BEC324","K11962","urtABCDE","urea transport",274.839519,34
"D_tamminensis_BEC324","K11962","urtABCDE","urea transport",274.839519,34
"D_tamminensis_BEC324","K11961","urtABCDE","urea transport",253.616621,32
"D_tamminensis_BEC324","K11962","urtABCDE","urea transport",253.616621,32
"D_tamminensis_BEC324","K11960","urtABCDE","urea transport",253.616621,32
"D_tamminensis_BEC324","K00395","aprAB","sulfate reduction",1474.787402,89
"D_tamminensis_BEC324","K00266","gltBD","glutamate synthesis",346.37382,138.52
"D_tamminensis_BEC324","K11962","urtABCDE","urea transport",251.051119,12
"D_tamminensis_BEC324","K00925","ack","reductive acetogenesis",268.459073,18
"D_tamminensis_BEC324","K00266","gltBD","glutamate synthesis",436.002842,87
"D_tamminensis_BEC324","K00362","nirBD","dissimilatory nitrate reduction",291.162583,87
"D_tamminensis_BEC324","K00394","aprAB","sulfate reduction",291.162583,87
"D_tamminensis_BEC324","K00370","narGHI","dissimilatory nitrate reduction",291.162583,87
"D_tamminensis_BEC324","K00266","gltBD","glutamate synthesis",291.162583,87
"D_tamminensis_BEC324","K11962","urtABCDE","urea transport",224.297755,6
"D_tamminensis_BEC324","K11962","urtABCDE","urea transport",224.297755,6
"D_tamminensis_BEC324","K11962","urtABCDE","urea transport",510.09423,126
"D_tamminensis_BEC324","K11962","urtABCDE","urea transport",510.09423,126
"D_tamminensis_BEC324","K00370","narGHI","dissimilatory nitrate reduction",115.248526,9
"D_tamminensis_BEC324","K11962","urtABCDE","urea transport",107.081225,18
"D_tamminensis_BEC324","K11962","urtABCDE","urea transport",143.118722,62
"D_tamminensis_BEC324","K11962","urtABCDE","urea transport",174.60816,23
"D_tamminensis_BEC324","K11962","urtABCDE","urea transport",174.60816,23
"D_tamminensis_BEC324","K00266","gltBD","glutamate synthesis",266.851304,149
"D_tamminensis_BEC324","K11962","urtABCDE","urea transport",266.851304,149
"D_tamminensis_BEC324","K00122","fdhF","reductive acetogenesis",158.299432,27
"D_tamminensis_BEC324","K00926","arcC","arginine synthesis",129.072943,10
"D_tamminensis_BEC324","K11962","urtABCDE","urea transport",721.817002,44
"D_tamminensis_BEC324","K11962","urtABCDE","urea transport",98.691569,13
"D_tamminensis_BEC324","K11962","urtABCDE","urea transport",306.924825,5
"D_tamminensis_BEC324","K00926","arcC","arginine synthesis",418.437273,23
"D_tamminensis_BEC324","K11962","urtABCDE","urea transport",418.437273,23
"D_tamminensis_BEC324","K00266","gltBD","glutamate synthesis",279.879546,21
"D_tamminensis_BEC324","K11962","urtABCDE","urea transport",243.865404,44
"D_tamminensis_BEC324","K11962","urtABCDE","urea transport",204.555201,19
"D_tamminensis_BEC324","K11962","urtABCDE","urea transport",74.571965,5
"D_tamminensis_BEC324","K11962","urtABCDE","urea transport",135.801767,24
"D_tamminensis_BEC324","K11962","urtABCDE","urea transport",135.801767,24
"D_tamminensis_BEC324","K11962","urtABCDE","urea transport",135.801767,24
"D_tamminensis_BEC324","K11961","urtABCDE","urea transport",171.214151,7
"D_tamminensis_BEC324","K00370","narGHI","dissimilatory nitrate reduction",205.054185,13
"D_tamminensis_BEC324","K11962","urtABCDE","urea transport",0,0
"D_tamminensis_BEC324","K11962","urtABCDE","urea transport",1149.984344,1
"D_tamminensis_BEC324","K11962","urtABCDE","urea transport",194.054876,66
"D_tamminensis_BEC324","K11962","urtABCDE","urea transport",225.161208,14
"D_tamminensis_BEC324","K11962","urtABCDE","urea transport",113.783061,30
"D_tamminensis_BEC324","K00925","ack","reductive acetogenesis",183.580352,7
"D_tamminensis_BEC324","K11962","urtABCDE","urea transport",309.470793,13
"D_tamminensis_BEC324","K11962","urtABCDE","urea transport",309.470793,13
"D_tamminensis_BEC324","K11962","urtABCDE","urea transport",362.04218,143
"D_tamminensis_BEC324","K11962","urtABCDE","urea transport",178.034823,15
"D_tamminensis_BEC324","K11962","urtABCDE","urea transport",178.034823,15
"D_tamminensis_BEC324","K11962","urtABCDE","urea transport",121.121466,17
"D_tamminensis_BEC324","K11963","urtABCDE","urea transport",335.923662,25
"D_tamminensis_BEC324","K11960","urtABCDE","urea transport",222.731677,10
"D_tamminensis_BEC324","K00926","arcC","arginine synthesis",202.418345,50
"D_tamminensis_BEC324","K00611","argFGH","arginine synthesis",310.350265,78
"D_tamminensis_BEC324","K00926","arcC","arginine synthesis",310.350265,78
"D_tamminensis_BEC324","K00266","gltBD","glutamate synthesis",179.449699,17
"D_tamminensis_BEC324","K11962","urtABCDE","urea transport",170.604072,21
"D_tamminensis_BEC324","K11962","urtABCDE","urea transport",370.244,133
"D_tamminensis_BEC324","K11962","urtABCDE","urea transport",370.244,133
"D_tamminensis_BEC324","K00266","gltBD","glutamate synthesis",377.111979,6
"D_tamminensis_BEC324","K11962","urtABCDE","urea transport",244.164247,57
"D_tamminensis_BEC324","K11962","urtABCDE","urea transport",420.682143,37
"D_tamminensis_BEC324","K11962","urtABCDE","urea transport",260.112052,24
"D_tamminensis_BEC324","K00395","aprAB","sulfate reduction",372.733805,36
"D_tamminensis_BEC324","K11962","urtABCDE","urea transport",214.522192,19
"D_tamminensis_BEC324","K00395","aprAB","sulfate reduction",451.09602,11
"D_tamminensis_BEC324","K11962","urtABCDE","urea transport",175.446407,19
"D_tamminensis_BEC324","K11963","urtABCDE","urea transport",1400.264009,13
"D_tamminensis_BEC324","K11963","urtABCDE","urea transport",172.330386,21
"D_tamminensis_BEC324","K11962","urtABCDE","urea transport",168.269287,37
"D_tamminensis_BEC324","K11962","urtABCDE","urea transport",1453.576042,161
"D_tamminensis_BEC324","K00266","gltBD","glutamate synthesis",365.93353,57
"D_tamminensis_BEC324","K00395","aprAB","sulfate reduction",365.93353,57
"D_tamminensis_BEC324","K00395","aprAB","sulfate reduction",365.93353,57
"D_tamminensis_BEC324","K00925","ack","reductive acetogenesis",205.738446,46
"D_tamminensis_BEC325","K11962","urtABCDE","urea transport",1887.735623,20
"D_tamminensis_BEC325","K11962","urtABCDE","urea transport",1887.735623,20
"D_tamminensis_BEC325","K00926","arcC","arginine synthesis",1997.843703,44
"D_tamminensis_BEC325","K11962","urtABCDE","urea transport",1260.15191,28
"D_tamminensis_BEC325","K11962","urtABCDE","urea transport",2026.64533,24
"D_tamminensis_BEC325","K11962","urtABCDE","urea transport",1456.045459,63
"D_tamminensis_BEC325","K11962","urtABCDE","urea transport",1459.326699,76
"D_tamminensis_BEC325","K11962","urtABCDE","urea transport",1327.601241,7
"D_tamminensis_BEC325","K11962","urtABCDE","urea transport",1196.499935,26
"D_tamminensis_BEC325","K11962","urtABCDE","urea transport",1476.537738,37
"D_tamminensis_BEC325","K11962","urtABCDE","urea transport",1248.004506,81
"D_tamminensis_BEC325","K11962","urtABCDE","urea transport",1842.527054,22
"D_tamminensis_BEC325","K00925","ack","reductive acetogenesis",1615.604652,34
"D_tamminensis_BEC325","K11962","urtABCDE","urea transport",1892.017184,30
"D_tamminensis_BEC325","K11962","urtABCDE","urea transport",2532.99989,14
"D_tamminensis_BEC325","K11963","urtABCDE","urea transport",2307.200127,28
"D_tamminensis_BEC325","K11960","urtABCDE","urea transport",1205.828715,53
"D_tamminensis_BEC325","K11962","urtABCDE","urea transport",1446.120228,94
"D_tamminensis_BEC325","K00395","aprAB","sulfate reduction",1791.118076,16
"D_tamminensis_BEC325","K00371","narGHI","dissimilatory nitrate reduction",1409.086011,40
"D_tamminensis_BEC325","K00395","aprAB","sulfate reduction",3699.16214,63
"D_tamminensis_BEC325","K11962","urtABCDE","urea transport",1152.886483,3
"D_tamminensis_BEC326","K11963","urtABCDE","urea transport",613.900087,75
"D_tamminensis_BEC326","K00395","aprAB","sulfate reduction",2616.173487,56
"D_tamminensis_BEC326","K11962","urtABCDE","urea transport",2616.173487,56
"D_tamminensis_BEC326","K11962","urtABCDE","urea transport",1935.555424,57
"D_tamminensis_BEC326","K11962","urtABCDE","urea transport",2140.466115,43
"D_tamminensis_BEC326","K11962","urtABCDE","urea transport",1907.567912,2
"D_tamminensis_BEC326","K11962","urtABCDE","urea transport",1907.567912,2
"D_tamminensis_BEC326","K00395","aprAB","sulfate reduction",2994.111984,14
"D_tamminensis_BEC326","K11962","urtABCDE","urea transport",469.935193,37
"D_tamminensis_BEC326","K00925","ack","reductive acetogenesis",673.953515,10
"D_tamminensis_BEC326","K00266","gltBD","glutamate synthesis",1074.500345,56
"D_tamminensis_BEC326","K00611","argFGH","arginine synthesis",3322.834369,162
"D_tamminensis_BEC326","K00371","narGHI","dissimilatory nitrate reduction",2976.422672,8
"D_tamminensis_BEC326","K11963","urtABCDE","urea transport",826.143766,23
"D_tamminensis_BEC326","K11962","urtABCDE","urea transport",438.998155,18
"D_tamminensis_BEC326","K11962","urtABCDE","urea transport",1071.479943,4
"D_tamminensis_BEC326","K11962","urtABCDE","urea transport",5372.52647,21
"D_tamminensis_BEC326","K11962","urtABCDE","urea transport",5372.52647,21
"D_tamminensis_BEC326","K11962","urtABCDE","urea transport",1486.661962,59
"D_tamminensis_BEC326","K00611","argFGH","arginine synthesis",0,0
"D_tamminensis_BEC326","K00926","arcC","arginine synthesis",993.530383,2
"D_tamminensis_BEC326","K00266","gltBD","glutamate synthesis",1192.350756,123
"D_tamminensis_BEC326","K00266","gltBD","glutamate synthesis",2458.545723,19
"D_tamminensis_BEC326","K00371","narGHI","dissimilatory nitrate reduction",2458.545723,19
"D_tamminensis_BEC326","K11962","urtABCDE","urea transport",2458.545723,19
"D_tamminensis_BEC326","K00395","aprAB","sulfate reduction",4847.421586,91
"D_tamminensis_BEC326","K11962","urtABCDE","urea transport",1497.335717,43
"D_tamminensis_BEC326","K11962","urtABCDE","urea transport",1497.335717,43
"D_tamminensis_BEC326","K11962","urtABCDE","urea transport",1497.335717,43
"D_tamminensis_BEC326","K11962","urtABCDE","urea transport",1497.335717,43
"D_tamminensis_BEC326","K11962","urtABCDE","urea transport",1497.335717,43
"D_tamminensis_BEC326","K11962","urtABCDE","urea transport",1497.335717,43
"D_tamminensis_BEC326","K11962","urtABCDE","urea transport",1497.335717,43
"D_tamminensis_BEC326","K00395","aprAB","sulfate reduction",3268.157491,69
"D_tamminensis_BEC326","K11962","urtABCDE","urea transport",1034.355514,2
"D_tamminensis_BEC326","K11962","urtABCDE","urea transport",1034.355514,2
"D_tamminensis_BEC326","K11960","urtABCDE","urea transport",554.236598,10
"D_tamminensis_BEC326","K11962","urtABCDE","urea transport",6700.715846,9
"D_tamminensis_BEC326","K00266","gltBD","glutamate synthesis",964.752998,27
"D_tamminensis_BEC326","K11962","urtABCDE","urea transport",964.752998,27
"D_tamminensis_BEC326","K00926","arcC","arginine synthesis",964.752998,27
"D_tamminensis_BEC326","K00611","argFGH","arginine synthesis",964.752998,27
"D_tamminensis_BEC326","K15023","acsABCDE","reductive acetogenesis",964.752998,27
"D_tamminensis_BEC326","K11962","urtABCDE","urea transport",1668.512247,131.857
"D_tamminensis_BEC326","K11963","urtABCDE","urea transport",18332.146076,18
"D_tamminensis_BEC326","K11962","urtABCDE","urea transport",1871.521538,43.071
"D_tamminensis_BEC326","K00925","ack","reductive acetogenesis",1468.413261,25
"D_tamminensis_BEC326","K11963","urtABCDE","urea transport",3711.202803,22
"D_tamminensis_BEC326","K11962","urtABCDE","urea transport",2724.894437,20
"D_tamminensis_BEC326","K00395","aprAB","sulfate reduction",448.118722,13
"D_tamminensis_BEC326","K11962","urtABCDE","urea transport",1930.035444,137
"D_tamminensis_BEC326","K00395","aprAB","sulfate reduction",2410.829871,9
"D_tamminensis_BEC326","K00926","arcC","arginine synthesis",2410.829871,9
"D_tamminensis_BEC326","K00611","argFGH","arginine synthesis",2410.829871,9
"D_tamminensis_BEC326","K00611","argFGH","arginine synthesis",2410.829871,9
"D_tamminensis_BEC326","K11962","urtABCDE","urea transport",903.673075,43
"D_tamminensis_BEC326","K00266","gltBD","glutamate synthesis",3104.093147,22
"D_tamminensis_BEC326","K11962","urtABCDE","urea transport",383.394482,22
"D_tamminensis_BEC326","K11962","urtABCDE","urea transport",184.803561,1
"D_tamminensis_BEC326","K11962","urtABCDE","urea transport",184.803561,1
"D_tamminensis_BEC326","K11962","urtABCDE","urea transport",15226.267591,1
"D_tamminensis_BEC326","K11962","urtABCDE","urea transport",3409.470302,66
"D_tamminensis_BEC326","K11962","urtABCDE","urea transport",3409.470302,66
"D_tamminensis_BEC326","K11960","urtABCDE","urea transport",3409.470302,66
"D_tamminensis_BEC326","K11962","urtABCDE","urea transport",688.466925,24
"D_tamminensis_BEC326","K11962","urtABCDE","urea transport",1261.174173,72
"D_tamminensis_BEC326","K11963","urtABCDE","urea transport",1261.174173,72
"D_tamminensis_BEC326","K11963","urtABCDE","urea transport",5119.116976,60
"D_tamminensis_BEC326","K11962","urtABCDE","urea transport",5809.219987,16
"D_tamminensis_BEC326","K11963","urtABCDE","urea transport",501.690771,26
"D_tamminensis_BEC326","K00122","fdhF","reductive acetogenesis",1080.675588,50
"D_tamminensis_BEC326","K11963","urtABCDE","urea transport",1686.910365,10
"D_tamminensis_BEC326","K11962","urtABCDE","urea transport",1686.910365,10
"D_tamminensis_BEC326","K11962","urtABCDE","urea transport",8348.113985,74
"D_tamminensis_BEC326","K11962","urtABCDE","urea transport",8348.113985,74
"D_tamminensis_BEC326","K11962","urtABCDE","urea transport",768.856385,81
"D_tamminensis_BEC326","K00266","gltBD","glutamate synthesis",514.800166,19
"D_tamminensis_BEC326","K00925","ack","reductive acetogenesis",1357.263152,36
"D_tamminensis_BEC326","K11962","urtABCDE","urea transport",1023.753322,83
"D_tamminensis_BEC326","K11962","urtABCDE","urea transport",1023.753322,83
"D_tamminensis_BEC326","K11963","urtABCDE","urea transport",1525.255243,214
"D_tamminensis_BEC326","K11960","urtABCDE","urea transport",1525.255243,214
"D_tamminensis_BEC326","K00395","aprAB","sulfate reduction",999.412459,162
"D_tamminensis_BEC326","K11962","urtABCDE","urea transport",8894.133069,103
"D_tamminensis_BEC326","K11962","urtABCDE","urea transport",1527.33255,4
"D_tamminensis_BEC326","K11962","urtABCDE","urea transport",2872.04303,106
"D_tamminensis_BEC326","K11962","urtABCDE","urea transport",419.726632,15
"D_tamminensis_BEC327","K11962","urtABCDE","urea transport",488.662578,14
"D_tamminensis_BEC327","K11962","urtABCDE","urea transport",964.337293,35
"D_tamminensis_BEC327","K11963","urtABCDE","urea transport",697.907537,15
"D_tamminensis_BEC327","K11962","urtABCDE","urea transport",7465.929662,22
"D_tamminensis_BEC327","K00395","aprAB","sulfate reduction",1777.532168,3
"D_tamminensis_BEC327","K00395","aprAB","sulfate reduction",1777.532168,3
"D_tamminensis_BEC327","K11962","urtABCDE","urea transport",747.896516,46
"D_tamminensis_BEC327","K11962","urtABCDE","urea transport",1364.915487,32
"D_tamminensis_BEC327","K11963","urtABCDE","urea transport",1000.47696,16
"D_tamminensis_BEC327","K11962","urtABCDE","urea transport",825.520171,121
"D_tamminensis_BEC327","K11962","urtABCDE","urea transport",4000.383135,1
"D_tamminensis_BEC327","K11962","urtABCDE","urea transport",4000.383135,1
"D_tamminensis_BEC327","K11962","urtABCDE","urea transport",746.473004,26
"D_tamminensis_BEC327","K11960","urtABCDE","urea transport",2129.32528,123
"D_tamminensis_BEC327","K00266","gltBD","glutamate synthesis",1007.2032,59
"D_tamminensis_BEC327","K00362","nirBD","dissimilatory nitrate reduction",1007.2032,59
"D_tamminensis_BEC327","K11962","urtABCDE","urea transport",643.370646,74
"D_tamminensis_BEC327","K00395","aprAB","sulfate reduction",4072.32527,12
"D_tamminensis_BEC327","K00395","aprAB","sulfate reduction",4072.32527,12
"D_tamminensis_BEC327","K11963","urtABCDE","urea transport",1057.63036,26
"D_tamminensis_BEC327","K00266","gltBD","glutamate synthesis",819.419553,48
"D_tamminensis_BEC327","K11962","urtABCDE","urea transport",402.382562,22
"D_tamminensis_BEC327","K00266","gltBD","glutamate synthesis",567.806463,10
"D_tamminensis_BEC327","K11962","urtABCDE","urea transport",405.422274,13
"D_tamminensis_BEC327","K11962","urtABCDE","urea transport",967.60686,23
"D_tamminensis_BEC327","K15023","acsABCDE","reductive acetogenesis",802.8007,5
"D_tamminensis_BEC327","K14138","acsABCDE","reductive acetogenesis",802.8007,5
"D_tamminensis_BEC327","K11962","urtABCDE","urea transport",598.96566,27
"D_tamminensis_BEC327","K11962","urtABCDE","urea transport",728.280296,32
"D_tamminensis_BEC327","K11962","urtABCDE","urea transport",868.046201,38
"D_tamminensis_BEC327","K11962","urtABCDE","urea transport",980.008675,19
"D_tamminensis_BEC327","K11960","urtABCDE","urea transport",328.072004,11
"D_tamminensis_BEC327","K00925","ack","reductive acetogenesis",2805.079465,8
"D_tamminensis_BEC327","K00611","argFGH","arginine synthesis",825.12483,38
"D_tamminensis_BEC327","K00611","argFGH","arginine synthesis",825.12483,38
"D_tamminensis_BEC327","K11962","urtABCDE","urea transport",955.979504,3
"D_tamminensis_BEC327","K00197","acsABCDE","reductive acetogenesis",1385.007589,8
"D_tamminensis_BEC327","K11963","urtABCDE","urea transport",1002.368518,31
"D_tamminensis_BEC327","K11962","urtABCDE","urea transport",1002.368518,31
"D_tamminensis_BEC327","K00122","fdhF","reductive acetogenesis",913.325412,33
"D_tamminensis_BEC327","K00395","aprAB","sulfate reduction",1416.127242,11
"D_tamminensis_BEC327","K11962","urtABCDE","urea transport",846.5754,16
"D_tamminensis_BEC327","K11962","urtABCDE","urea transport",6041.740805,2
"D_tamminensis_BEC327","K11962","urtABCDE","urea transport",6041.740805,2
"D_tamminensis_BEC327","K00266","gltBD","glutamate synthesis",626.437364,80
"D_tamminensis_BEC327","K11962","urtABCDE","urea transport",957.114891,57
"D_tamminensis_BEC327","K11960","urtABCDE","urea transport",957.114891,57
"D_tamminensis_BEC327","K11960","urtABCDE","urea transport",957.114891,57
"D_tamminensis_BEC327","K00611","argFGH","arginine synthesis",303.97129,3
"D_tamminensis_BEC327","K11962","urtABCDE","urea transport",869.538734,3
"D_tamminensis_BEC327","K11962","urtABCDE","urea transport",438.561562,5
"D_tamminensis_BEC327","K11962","urtABCDE","urea transport",1099.117866,19
"D_tamminensis_BEC327","K00926","arcC","arginine synthesis",777.65688,41
"D_tamminensis_BEC327","K11962","urtABCDE","urea transport",2464.475931,8
"D_tamminensis_BEC327","K00265","gltBD","glutamate synthesis",996.569704,14
